backdrop_path,genre_ids,id,original_language,original_title,overview,popularity,poster_path,release_date,title,vote_average,vote_count,genre
www.themoviedb.org/t/p/w600_and_h900_bestv2/cnLNz66RJ27WKQlAEZU9MLKiJAm.jpg,"53, 35, 18",405412,uk,Вересень,empty,6.563,www.themoviedb.org/t/p/w600_and_h900_bestv2/u1iMQRwAUR1MWTdtUhK4prUcYLI.jpg,2023-06-20,Вересень,0.0,0,"Thriller, Comedy, Drama"
www.themoviedb.org/t/p/w600_and_h900_bestv2/6TdwVNuHyvIjKdiiK7mAVVPp5Oj.jpg,"18, 53, 27",443413,en,Prom Queen,empty,1.4,www.themoviedb.org/t/p/w600_and_h900_bestv2/wM00ZYbMjr0P1UpOdEaBswey49a.jpg,2023-06-23,Prom Queen,0.0,0,"Drama, Thriller, Horror"
www.themoviedb.org/t/p/w600_and_h900_bestv2/uuyVaqPyAstHPm8DFZBLCtNqixJ.jpg,"18, 14, 10751",456483,en,Wonderwell,empty,39.999,www.themoviedb.org/t/p/w600_and_h900_bestv2/nsznEryY1zSfKWk266WY5o9buZu.jpg,2023-06-23,Wonderwell,7.0,4,"Drama, Fantasy, Family"
www.themoviedb.org/t/p/w600_and_h900_bestv2/pEg9HmNmdYsYDGbnMc6ZsqrHv9s.jpg,"10749, 35",561717,en,The Perfect Find,O regresso de uma editora à carreira da moda sofre um percalço quando ela descobre que o jovem encantador que beijou numa festa é o seu novo colega e filho da sua chefe.,56.41,www.themoviedb.org/t/p/w600_and_h900_bestv2/xlN4vXWzvoZ2LCdhsyFv4zOZBY6.jpg,2023-06-23,A Descoberta Perfeita,5.5,5,"Romance, Comedy"
www.themoviedb.org/t/p/w600_and_h900_bestv2/b4JyEcs02LIRXauydUvDIu0d2PU.jpg,"53, 18",631884,en,Happy Suicide,empty,34.331,www.themoviedb.org/t/p/w600_and_h900_bestv2/vbhjxtSR0IkwCs0s4E0WkVpdU60.jpg,2023-06-24,Happy Suicide,10.0,1,"Thriller, Drama"
empty,empty,662499,fr,Canicule,empty,1.96,www.themoviedb.org/t/p/w600_and_h900_bestv2/ohhpHpvm3uFMBWqoypbTTTUEwIT.jpg,2023-06-24,Canicule,0.0,0,empty
www.themoviedb.org/t/p/w600_and_h900_bestv2/oFjO5WIgjEQWxmIDmN5e6A9tABC.jpg,"27, 35",717712,ko,손,empty,7.338,www.themoviedb.org/t/p/w600_and_h900_bestv2/mZycShM29lQBRACmqYEoJmS5iJZ.jpg,2023-06-21,손,0.0,0,"Horror, Comedy"
empty,empty,741600,cn,"別叫我\"賭神\"",empty,13.894,www.themoviedb.org/t/p/w600_and_h900_bestv2/bCqS1MkwZouIdfevYIBz74VBTbp.jpg,2023-06-21,"別叫我\"賭神\"",0.0,0,empty
www.themoviedb.org/t/p/w600_and_h900_bestv2/sGdyKVuMcjuohy14OwFLt2TdcTz.jpg,28,751391,zh,少年叶问之危机时刻,empty,30.325,www.themoviedb.org/t/p/w600_and_h900_bestv2/yq6HKizs5WmeXLaAMhAgMUv1OXL.jpg,2023-06-23,少年叶问之危机时刻,0.0,0,Action
www.themoviedb.org/t/p/w600_and_h900_bestv2/sXwi74kBEY4j5jX0gbOSJXZyZnP.jpg,"35, 18",793852,en,Reception,empty,1.96,www.themoviedb.org/t/p/w600_and_h900_bestv2/a57ACfqqrj5PlkXzLA39Zsr6eTT.jpg,2023-06-23,Reception,0.0,0,"Comedy, Drama"
www.themoviedb.org/t/p/w600_and_h900_bestv2/oKcOfRTGSyg1AlUMKNJNeI8mR2w.jpg,"28, 80, 27",808396,en,God Is a Bullet,empty,26.236,www.themoviedb.org/t/p/w600_and_h900_bestv2/5kiLS9nsSJxDdlYUyYGiSUt8Fi8.jpg,2023-06-22,God Is a Bullet,6.0,1,"Action, Crime, Horror"
empty,18,810351,es,Pornomelancolía,empty,9.865,www.themoviedb.org/t/p/w600_and_h900_bestv2/ye0nFVc4uW0gF1LZyyOgAFFhBG.jpg,2023-06-21,Pornomelancolía,0.0,0,Drama
www.themoviedb.org/t/p/w600_and_h900_bestv2/pcgAalXJKEpUsMTpkkIwFf7z4R4.jpg,"35, 18",814309,es,Una vida no tan simple,empty,27.796,www.themoviedb.org/t/p/w600_and_h900_bestv2/2DvJCwxKV36FeSgEUVBKpxW4Ak6.jpg,2023-06-23,Una vida no tan simple,0.0,0,"Comedy, Drama"
www.themoviedb.org/t/p/w600_and_h900_bestv2/1ExcUQTmzXhHNKAXpN0OxxfgG3s.jpg,35,839564,en,Maximum Truth,empty,33.618,www.themoviedb.org/t/p/w600_and_h900_bestv2/4qwuV254WkvpShctB9rn0gCYBkY.jpg,2023-06-23,Maximum Truth,0.0,0,Comedy
empty,"28, 35, 14",842607,th,อีหนูอันตราย,empty,12.459,www.themoviedb.org/t/p/w600_and_h900_bestv2/gX2UDa4KDfQ3pUyxF4jAGcGYnY7.jpg,2023-06-22,อีหนูอันตราย,4.0,1,"Action, Comedy, Fantasy"
empty,27,845643,en,The Piper,empty,10.5,www.themoviedb.org/t/p/w600_and_h900_bestv2/oWkCE0AJ6KEBMs5dM1hj2d1rQzK.jpg,2023-06-22,The Piper,0.0,0,Horror
www.themoviedb.org/t/p/w600_and_h900_bestv2/qGEo7FxFLlGAltFZblC3rnhzDP4.jpg,35,864168,en,Joy Ride,empty,38.795,www.themoviedb.org/t/p/w600_and_h900_bestv2/156UQ8cVp0rgsT7oTHDZye1Yj4d.jpg,2023-06-22,Joy Ride,0.0,0,Comedy
empty,"16, 28, 35, 53, 878",877366,es,Redención y Venganza,empty,6.753,www.themoviedb.org/t/p/w600_and_h900_bestv2/qAbavRagMPASvYdojyO3IuFN2Qn.jpg,2023-06-21,Redención y Venganza,0.0,0,"Animation, Action, Comedy, Thriller, Science Fiction"
www.themoviedb.org/t/p/w600_and_h900_bestv2/s5o2yk97VSCrmpPVqfunUOmBMBW.jpg,99,877434,ko,206: 사라지지 않는,empty,6.969,www.themoviedb.org/t/p/w600_and_h900_bestv2/1AEyhuHMuO5IWkfARL3lFQMKwyt.jpg,2023-06-21,206: 사라지지 않는,0.0,0,Documentary
www.themoviedb.org/t/p/w600_and_h900_bestv2/tyH5rBXLVaNeMgLSPgWfsl8tmsY.jpg,"10749, 28",882020,te,మను చరిత్,empty,1.4,www.themoviedb.org/t/p/w600_and_h900_bestv2/rfcp3d7EfUEzxdZcdhJZbXcCoGz.jpg,2023-06-23,మను చరిత్,0.0,0,"Romance, Action"
www.themoviedb.org/t/p/w600_and_h900_bestv2/kNoCrVHYHW5iUZENNDuTs0Cj83B.jpg,"53, 10749, 28",893514,ta,பாயும் ஒளி நீ எனக்கு,empty,26.881,www.themoviedb.org/t/p/w600_and_h900_bestv2/wR07XZNsWmPGFvitMN1zSk7gFbk.jpg,2023-06-23,பாயும் ஒளி நீ எனக்கு,0.0,0,"Thriller, Romance, Action"
www.themoviedb.org/t/p/w600_and_h900_bestv2/pXhobMqLlbgSpeQZjiipv8sLUlw.jpg,"18, 10749",899535,pt,Um Ano Inesquecível - Primavera,empty,59.436,www.themoviedb.org/t/p/w600_and_h900_bestv2/82KpRnPInxlEQsiMdLyhHHxJjgn.jpg,2023-06-22,Um Ano Inesquecível - Primavera,0.0,0,"Drama, Romance"
empty,"53, 18",904572,en,Phels High,empty,37.402,www.themoviedb.org/t/p/w600_and_h900_bestv2/syMX2i31GotIBtKExoFWIFfnvzv.jpg,2023-06-23,Phels High,0.0,0,"Thriller, Drama"
www.themoviedb.org/t/p/w600_and_h900_bestv2/f7zrgyGgdrSQgPEzgn9GlJEoGw.jpg,99,913854,en,Framing Agnes,empty,4.137,www.themoviedb.org/t/p/w600_and_h900_bestv2/fgF6uUZ6Xus8dKBTWk49DICdq03.jpg,2023-06-22,Framing Agnes,0.0,0,Documentary
www.themoviedb.org/t/p/w600_and_h900_bestv2/vozTuo8zvFGMtcLPWKUEdpM86d5.jpg,"35, 18, 10751",919031,hi,टीकू वेड्स शेरू,empty,37.837,www.themoviedb.org/t/p/w600_and_h900_bestv2/k8STpwE6844GRBvlMACG0leiDWb.jpg,2023-06-22,टीकू वेड्स शेरू,7.0,1,"Comedy, Drama, Family"
www.themoviedb.org/t/p/w600_and_h900_bestv2/BUABmlxQLbbNsiaVQqucDtwQO0.jpg,"28, 80, 18",926900,ta,தலைநகரம் 2,empty,30.36,www.themoviedb.org/t/p/w600_and_h900_bestv2/mNherq6NoBpGb5xySaAKtE3P3DN.jpg,2023-06-23,தலைநகரம் 2,0.0,0,"Action, Crime, Drama"
www.themoviedb.org/t/p/w600_and_h900_bestv2/ufB9UYar21pVStDv3Cbhs7yONQR.jpg,"10402, 10751, 35",929569,en,World's Best,"Prem, um génio da Matemática de 12 anos, descobre que o pai, falecido recentemente, era um rapper famoso. Então, decide saber mais sobre a vida e as paixões do pai. Capacitado pelas suas fantasias repletas de hip hop e imaginação, Prem está decidido a descobrir se o hip hop faz mesmo parte do ADN dele.",52.144,www.themoviedb.org/t/p/w600_and_h900_bestv2/4kEsUVpzjvPMsY7TQOQP5ipVmnh.jpg,2023-06-23,Melhor do Mundo,10.0,2,"Music, Family, Comedy"
empty,53,946215,en,In the Fire,empty,35.494,www.themoviedb.org/t/p/w600_and_h900_bestv2/yLr6bG6xsr9u80gAMDTVzzltWeP.jpg,2023-06-24,In the Fire,0.0,0,Thriller
www.themoviedb.org/t/p/w600_and_h900_bestv2/mI668vRnmLA4DZtXnBV2YJoTctO.jpg,99,951191,es,H,empty,23.857,www.themoviedb.org/t/p/w600_and_h900_bestv2/lgjPdNL96wcSB58YvnpUbYAWx7L.jpg,2023-06-23,H,5.0,1,Documentary
www.themoviedb.org/t/p/w600_and_h900_bestv2/yvcX0QLY6IQZxeYvlLACXZNKpZm.jpg,"53, 27",954388,en,Quicksand,empty,30.161,www.themoviedb.org/t/p/w600_and_h900_bestv2/agAl6LLnkeBvHKIvvZCX9qC3dHz.jpg,2023-06-23,Quicksand,0.0,0,"Thriller, Horror"
www.themoviedb.org/t/p/w600_and_h900_bestv2/vTGNLzC6PWpq1TZhxK4dK4pd72T.jpg,"80, 53",957118,ko,인드림,empty,6.554,www.themoviedb.org/t/p/w600_and_h900_bestv2/QUzIaemhlHZn5xW71TANW727wu.jpg,2023-06-21,인드림,0.0,0,"Crime, Thriller"
empty,"14, 53, 27",957834,en,Ouroboros,empty,6.569,empty,2023-06-20,Ouroboros,0.0,0,"Fantasy, Thriller, Horror"
www.themoviedb.org/t/p/w600_and_h900_bestv2/w4JhlawmUF1CBVkt4d80lSo5e2K.jpg,"35, 80",958603,fr,38°5 Quai des Orfèvres,empty,10.168,www.themoviedb.org/t/p/w600_and_h900_bestv2/8JaYBZwl2s3IiQTNvMoJtQOg9NY.jpg,2023-06-21,38°5 Quai des Orfèvres,0.0,1,"Comedy, Crime"
www.themoviedb.org/t/p/w600_and_h900_bestv2/VWd9MzMB2mDEWG4YYJtZukOJ0k.jpg,"18, 80",960134,fr,Magnificat,empty,10.742,www.themoviedb.org/t/p/w600_and_h900_bestv2/baFdlOKVDuIIwNeGc01CVMdyMHY.jpg,2023-06-21,Magnificat,6.0,3,"Drama, Crime"
www.themoviedb.org/t/p/w600_and_h900_bestv2/hDqpD74vWVXvPQlDIp8htGuWg0T.jpg,"16, 878, 28, 12, 14",961323,en,Nimona,empty,46.454,www.themoviedb.org/t/p/w600_and_h900_bestv2/dHFUte9BLYhihC9YqKWyxmWXnZu.jpg,2023-06-23,Nimona,0.0,0,"Animation, Science Fiction, Action, Adventure, Fantasy"
empty,99,964837,fr,Polaris,empty,8.574,www.themoviedb.org/t/p/w600_and_h900_bestv2/dOXeCTo6dNroXJ8UU9FttzLpXpB.jpg,2023-06-21,Polaris,0.0,0,Documentary
www.themoviedb.org/t/p/w600_and_h900_bestv2/xMUnOESnoFjqW16zOrpbNpPuYNP.jpg,"12, 10751",966576,en,The Quest for Tom Sawyer's Gold,empty,18.214,www.themoviedb.org/t/p/w600_and_h900_bestv2/zceLrHeYOgJHw1tw6MUi15N2NUz.jpg,2023-06-22,The Quest for Tom Sawyer's Gold,0.0,0,"Adventure, Family"
www.themoviedb.org/t/p/w600_and_h900_bestv2/5cdSqqn5fglcggXqh2jpPHCqSrN.jpg,27,977209,zh,化劫,empty,7.207,www.themoviedb.org/t/p/w600_and_h900_bestv2/mhFId4b90R5ZrPqYfg5TU0LKm3P.jpg,2023-06-21,化劫,0.0,0,Horror
www.themoviedb.org/t/p/w600_and_h900_bestv2/5qr0k2quFABK10m2U2e30gHHJCW.jpg,53,984992,ta,ரெஜினா,empty,24.275,www.themoviedb.org/t/p/w600_and_h900_bestv2/6uo5xvXAbDIyHHG58mTxahUZZXt.jpg,2023-06-23,ரெஜினா,0.0,0,Thriller
www.themoviedb.org/t/p/w600_and_h900_bestv2/mmSSn8Yn3GbJv9MsSnD4J1LnN9l.jpg,"10749, 18",988078,es,A través del mar,"Após um ano de relação à distância, Raquel e Ares reencontram-se numa escaldante viagem à praia. Mas irá o seu amor sobreviver a novos namoricos e inseguranças?",396.004,www.themoviedb.org/t/p/w600_and_h900_bestv2/7me7eFBoFEZqaiobZuo180Hk3ds.jpg,2023-06-23,Da Minha Janela: Um Mar Entre Nós,6.9,30,"Romance, Drama"
empty,18,989750,de,Monster im Kopf,empty,23.864,empty,2023-06-24,Monster im Kopf,0.0,0,Drama
empty,35,995081,es,La Fortaleza,empty,26.055,www.themoviedb.org/t/p/w600_and_h900_bestv2/lIyAU59dBaz9aeu6Ev9mxy3r2kY.jpg,2023-06-23,La Fortaleza,0.0,0,Comedy
www.themoviedb.org/t/p/w600_and_h900_bestv2/pngRtp1mcdUpgA8jMeZrt29eUOu.jpg,35,1000948,it,Un matrimonio mostruoso,empty,9.696,www.themoviedb.org/t/p/w600_and_h900_bestv2/osEghaXHGzO1h4FvdOM4HYmes2h.jpg,2023-06-21,Un matrimonio mostruoso,0.0,0,Comedy
www.themoviedb.org/t/p/w600_and_h900_bestv2/m2xA0tTInHOj2erKXrxCLDiwsQs.jpg,99,1004929,en,"Desperate Souls, Dark City and the Legend of Midnight Cowboy",empty,34.831,www.themoviedb.org/t/p/w600_and_h900_bestv2/kLpyqc03LUCVPbGzIhAEZWDGy72.jpg,2023-06-23,"Desperate Souls, Dark City and the Legend of Midnight Cowboy",0.0,0,Documentary
www.themoviedb.org/t/p/w600_and_h900_bestv2/vzYBGoGtwtGKFBwD7B4YXtLGTfU.jpg,27,1005004,en,Murdercise,empty,9.447,www.themoviedb.org/t/p/w600_and_h900_bestv2/pnjhUF6ndxQoaeoSsCazZFy9Jhf.jpg,2023-06-21,Murdercise,0.0,0,Horror
www.themoviedb.org/t/p/w600_and_h900_bestv2/ogsaZqVbi1lcNKoeRr680G83tgR.jpg,"10749, 35",1006911,tr,Sen İnandır,"Duas avós metediças convencem os netos adultos a encontrar-se, reacendendo uma paixão de infância... e quezílias antigas.",42.93,www.themoviedb.org/t/p/w600_and_h900_bestv2/iiKXokniuqAwhVZjLhIGJhXIKzk.jpg,2023-06-23,Faz-me Acreditar,5.3,5,"Romance, Comedy"
empty,18,1010424,ru,Микулай,empty,9.872,www.themoviedb.org/t/p/w600_and_h900_bestv2/7aECbSHvRiQ4S0ZTdZZIq1IX4t1.jpg,2023-06-22,Микулай,0.0,0,Drama
empty,99,1017677,es,"Wërapara, chicas trans",empty,8.638,www.themoviedb.org/t/p/w600_and_h900_bestv2/yNK1lj6LE7HEwayBBtuVqbu5Qm9.jpg,2023-06-22,"Wërapara, chicas trans",0.0,0,Documentary
www.themoviedb.org/t/p/w600_and_h900_bestv2/vYGq7e9JpJEl5QjSwvcSSLMPMed.jpg,99,1019461,en,The Last Rider,empty,36.289,www.themoviedb.org/t/p/w600_and_h900_bestv2/dPXrlSQd9UAbTZADy4dnznyQNR4.jpg,2023-06-23,The Last Rider,9.0,1,Documentary
www.themoviedb.org/t/p/w600_and_h900_bestv2/39RpqVBIPCywYSQc6xsI81smFsZ.jpg,99,1021797,ko,수라,empty,9.436,www.themoviedb.org/t/p/w600_and_h900_bestv2/xequ7X2X71Xxy19T877C6qYLJiF.jpg,2023-06-21,수라,0.0,0,Documentary
www.themoviedb.org/t/p/w600_and_h900_bestv2/any3SmsYG2b4TYHUAVlbEmunrL2.jpg,"35, 18, 10749",1022042,ja,君は放課後インソムニア,empty,27.837,www.themoviedb.org/t/p/w600_and_h900_bestv2/bbAF66QbYZy8DSBsq0pNzK3T3N4.jpg,2023-06-23,君は放課後インソムニア,0.0,0,"Comedy, Drama, Romance"
empty,18,1024105,en,Picture Day,empty,7.531,www.themoviedb.org/t/p/w600_and_h900_bestv2/xqxUIfGTIRu4OnbCKJ6WmdVBTz6.jpg,2023-06-23,Picture Day,0.0,0,Drama
www.themoviedb.org/t/p/w600_and_h900_bestv2/huplTByCf3MZqFb798s7NVDKdbx.jpg,"18, 27, 53",1024773,en,It Lives Inside,empty,30.735,www.themoviedb.org/t/p/w600_and_h900_bestv2/dpgI82d8CrCDqDdBQeDUeFOIzI4.jpg,2023-06-23,It Lives Inside,0.0,0,"Drama, Horror, Thriller"
empty,99,1026468,en,"SCALA!!! Or, the incredibly strange rise and fall of the world’s wildest cinema and how it influenced a mixed-up generation of weirdos and misfits",empty,2.243,empty,2023-06-25,"SCALA!!! Or, the incredibly strange rise and fall of the world’s wildest cinema and how it influenced a mixed-up generation of weirdos and misfits",0.0,0,Documentary
empty,80,1028078,en,TRAP,empty,0.6,www.themoviedb.org/t/p/w600_and_h900_bestv2/svoBNcSzJXkjRG9IG2WXTM5n3kn.jpg,2023-06-23,TRAP,0.0,0,Crime
www.themoviedb.org/t/p/w600_and_h900_bestv2/6MAcaCskKGZ9HhqQ0i57Z6IJZ2f.jpg,"878, 35, 27",1028359,en,Give Me An A,empty,10.618,www.themoviedb.org/t/p/w600_and_h900_bestv2/diBjRWYaFErqj433czk61rAhpAX.jpg,2023-06-21,Give Me An A,0.0,0,"Science Fiction, Comedy, Horror"
empty,"53, 18",1030101,ml,ധൂമം,empty,29.381,www.themoviedb.org/t/p/w600_and_h900_bestv2/zZ4qJFfv6UXqb6otLBW2qzOQu4C.jpg,2023-06-23,ധൂമം,0.0,0,"Thriller, Drama"
empty,10749,1032048,bn,প্রিয়তমা,empty,23.442,www.themoviedb.org/t/p/w600_and_h900_bestv2/bbVlVUS5KAO0XLKhSr5oNbbRXbG.jpg,2023-06-23,প্রিয়তমা,0.0,0,Romance
empty,99,1036566,en,Out of Uganda,empty,5.398,www.themoviedb.org/t/p/w600_and_h900_bestv2/sq4TMXaVYyIFtnnC6FS7Ef9Y0po.jpg,2023-06-20,Out of Uganda,0.0,0,Documentary
empty,99,1037152,es,Orden natural,empty,20.496,www.themoviedb.org/t/p/w600_and_h900_bestv2/8swtWh9RlemI4Q6MOLLhHtjXPiA.jpg,2023-06-25,Orden natural,0.0,0,Documentary
www.themoviedb.org/t/p/w600_and_h900_bestv2/6cHVzSjwAF0IZeFr7Vw3n173px0.jpg,empty,1037682,hu,"Látom, amit látsz",empty,11.756,www.themoviedb.org/t/p/w600_and_h900_bestv2/hQsa14qvlsk0jtRiitVez9TcZVa.jpg,2023-06-22,"Látom, amit látsz",0.0,0,empty
www.themoviedb.org/t/p/w600_and_h900_bestv2/vVfbtGXU9N8Y7Pffg1YVljOdgdQ.jpg,"18, 35",1038522,tr,Tebessüm,empty,1.4,www.themoviedb.org/t/p/w600_and_h900_bestv2/9o5LSeAqfuj5aL0eHENiWzNh06q.jpg,2023-06-23,Tebessüm,0.0,0,"Drama, Comedy"
www.themoviedb.org/t/p/w600_and_h900_bestv2/6IZTJCupVue1v8a85EAvLWt8tZy.jpg,18,1039578,en,Good Side of Bad,empty,10.305,www.themoviedb.org/t/p/w600_and_h900_bestv2/mTnvLoD5vwLML5EVTMJgJ8d0a66.jpg,2023-06-22,Good Side of Bad,0.0,0,Drama
www.themoviedb.org/t/p/w600_and_h900_bestv2/mxj13Z7gnZFchjxlPgIeOgf6PHD.jpg,"10770, 53, 18, 80",1040867,en,Threats from the Inside,empty,2.209,www.themoviedb.org/t/p/w600_and_h900_bestv2/rcltKizUtSPLK6SEqHDccHRlb9u.jpg,2023-06-22,Threats from the Inside,8.5,2,"TV Movie, Thriller, Drama, Crime"
empty,empty,1042046,es,La memoria escondida,empty,24.812,www.themoviedb.org/t/p/w600_and_h900_bestv2/9Q6vYuQ5zFeenahKbQfGWRe61Dr.jpg,2023-06-23,La memoria escondida,0.0,0,empty
empty,empty,1046061,en,The Rainbow Dung Beetle,empty,21.931,www.themoviedb.org/t/p/w600_and_h900_bestv2/q5cqdwfOy6RhUJ6KltPcksbYpfD.jpg,2023-06-24,The Rainbow Dung Beetle,0.0,0,empty
empty,99,1047131,en,Here. Is. Better.,empty,24.404,www.themoviedb.org/t/p/w600_and_h900_bestv2/eAS3f7Rl6Mc2sP3R2iSPAWcBvqr.jpg,2023-06-23,Here. Is. Better.,0.0,0,Documentary
empty,99,1047754,tr,My Name Is Happy,empty,25.411,www.themoviedb.org/t/p/w600_and_h900_bestv2/jNvLWk6mFHAQzmkNy6iD2HKIjDK.jpg,2023-06-25,My Name Is Happy,0.0,0,Documentary
www.themoviedb.org/t/p/w600_and_h900_bestv2/r0x8nLZvoYWWl0OIRmHdSh0MrNn.jpg,10402,1052593,es,David Bisbal en concierto - 20 Aniversario,empty,8.785,www.themoviedb.org/t/p/w600_and_h900_bestv2/xPkrUcLhBGVuXUBfmrdusLYBQKd.jpg,2023-06-21,David Bisbal en concierto - 20 Aniversario,0.0,0,Music
empty,"16, 18",1056803,ja,青春ブタ野郎はおでかけシスターの夢を見ない,empty,37.227,www.themoviedb.org/t/p/w600_and_h900_bestv2/xCpMG1VhsS2cbXDJ8Dx2LbrhIs5.jpg,2023-06-23,青春ブタ野郎はおでかけシスターの夢を見ない,10.0,1,"Animation, Drama"
www.themoviedb.org/t/p/w600_and_h900_bestv2/x9d7iSZNn6LNBzYHbM6x0vhrCPW.jpg,"53, 28, 35",1057001,ko,귀공자,empty,33.089,www.themoviedb.org/t/p/w600_and_h900_bestv2/nMyM7CpWoebu03mAI3JtKTwh5zm.jpg,2023-06-21,귀공자,7.8,2,"Thriller, Action, Comedy"
www.themoviedb.org/t/p/w600_and_h900_bestv2/xVcffNU61CclEGgtiWP7KLIE2dm.jpg,"27, 28, 14",1058537,en,Angels Fallen: Warriors of Peace,empty,12.325,empty,2023-06-22,Angels Fallen: Warriors of Peace,0.0,0,"Horror, Action, Fantasy"
empty,"35, 18, 10749",1063756,en,Sweet Sue,empty,25.462,empty,2023-06-23,Sweet Sue,0.0,0,"Comedy, Drama, Romance"
empty,"27, 18",1066707,en,"The Waiting Room, or Eggs in Purgatory",empty,22.65,www.themoviedb.org/t/p/w600_and_h900_bestv2/kyy1jaVSpoKv7HBRpPqwp8gcigU.jpg,2023-06-23,"The Waiting Room, or Eggs in Purgatory",0.0,0,"Horror, Drama"
empty,35,1066919,fr,La chose extatique,empty,20.692,www.themoviedb.org/t/p/w600_and_h900_bestv2/d3qLi7MG05itPusg5P7NLBQrJqt.jpg,2023-06-24,La chose extatique,0.0,0,Comedy
empty,empty,1067619,kn,Bad Manners,empty,24.433,www.themoviedb.org/t/p/w600_and_h900_bestv2/1nwXOoKABY8uKXnrakaMPOkfevT.jpg,2023-06-23,Bad Manners,0.0,0,empty
empty,"35, 10402, 10749",1068702,id,200 Pounds Beauty,empty,19.362,www.themoviedb.org/t/p/w600_and_h900_bestv2/vISoQsjjPDfPXds8iMH0gytaJfo.jpg,2023-06-22,200 Pounds Beauty,0.0,0,"Comedy, Music, Romance"
www.themoviedb.org/t/p/w600_and_h900_bestv2/lTYVGhyMr32Zl9xRVrLWzvaS6V3.jpg,"53, 18",1069164,de,Bis ans Ende der Nacht,empty,10.133,www.themoviedb.org/t/p/w600_and_h900_bestv2/eP07c6mM3JJLg0TPVoS3qSRKmWi.jpg,2023-06-22,Bis ans Ende der Nacht,0.0,0,"Thriller, Drama"
www.themoviedb.org/t/p/w600_and_h900_bestv2/4dHfotngHD6ZIVPZIhi0pGYmQOI.jpg,99,1072648,en,bleared eyes of blue glass,empty,6.376,www.themoviedb.org/t/p/w600_and_h900_bestv2/ohOK9mBCts3MP9GttW4C0G9CCxF.jpg,2023-06-21,bleared eyes of blue glass,0.0,0,Documentary
empty,empty,1076225,ja,スパイスより愛を込めて,empty,6.503,www.themoviedb.org/t/p/w600_and_h900_bestv2/ntRffddyLoI0LXkd4zydsK62OM0.jpg,2023-06-21,スパイスより愛を込めて,0.0,0,empty
empty,empty,1076706,ja,神回,empty,7.279,www.themoviedb.org/t/p/w600_and_h900_bestv2/2MJUQvaVr5PNqSrXFT0GStpiwfV.jpg,2023-06-21,神回,0.0,0,empty
empty,53,1077984,ms,Jemputan Ke Neraka,empty,9.789,www.themoviedb.org/t/p/w600_and_h900_bestv2/7Wwq3gegxa6GMCnpQNl39Cqf6sh.jpg,2023-06-22,Jemputan Ke Neraka,0.0,0,Thriller
www.themoviedb.org/t/p/w600_and_h900_bestv2/uj2duAkn6zUmRSbjyEr7XUeIWsJ.jpg,"16, 28, 27",1083862,ja,バイオハザード：デスアイランド,empty,54.345,www.themoviedb.org/t/p/w600_and_h900_bestv2/nEWftodqakZu0RcfqhVr9f7ZdUH.jpg,2023-06-22,バイオハザード：デスアイランド,10.0,1,"Animation, Action, Horror"
www.themoviedb.org/t/p/w600_and_h900_bestv2/nW8tvPFP7u71yxLutf92Bk21hZN.jpg,"35, 9648, 18",1084051,de,Ruderskodder,empty,23.191,www.themoviedb.org/t/p/w600_and_h900_bestv2/yoG5koSL9Ybxxpe8GVWsCRxrDwb.jpg,2023-06-23,Ruderskodder,0.0,0,"Comedy, Mystery, Drama"
empty,16,1084146,tr,Kaptan Pengu ve Arkadaşları 3,empty,22.837,empty,2023-06-23,Kaptan Pengu ve Arkadaşları 3,0.0,0,Animation
empty,"35, 18",1084660,ar,بيت الروبي,empty,9.04,www.themoviedb.org/t/p/w600_and_h900_bestv2/nTJ1n6Ai3lFobyq6GcPrTTrQT2c.jpg,2023-06-21,بيت الروبي,5.0,1,"Comedy, Drama"
www.themoviedb.org/t/p/w600_and_h900_bestv2/tTfj4Uq5hq0yi0pIWNjj9GmKExe.jpg,"28, 53",1085543,en,D.C. Down,empty,5.379,www.themoviedb.org/t/p/w600_and_h900_bestv2/gRmG1YO1GFRDX7UwtcaIP5OhMpH.jpg,2023-06-20,D.C. Down,10.0,1,"Action, Thriller"
empty,empty,1086982,en,Destruição,empty,24.515,www.themoviedb.org/t/p/w600_and_h900_bestv2/v4DKpQK7pL57siQisQvvZRLzyCE.jpg,2023-06-24,Destruição,0.0,0,empty
www.themoviedb.org/t/p/w600_and_h900_bestv2/uBUJabHgxjuKgNdKu4BDMvcmV9X.jpg,99,1090560,en,No Way Back: The Reality of Gender-Affirming Care,empty,15.808,www.themoviedb.org/t/p/w600_and_h900_bestv2/fxZUPnRrzTqWRWzuQaaiMCyJgeo.jpg,2023-06-21,No Way Back: The Reality of Gender-Affirming Care,0.0,0,Documentary
empty,"18, 10749",1091508,zh,我爱你!,empty,13.32,www.themoviedb.org/t/p/w600_and_h900_bestv2/mXnYpQ4zyBdsb5TzyIAZH3eEScq.jpg,2023-06-21,我爱你!,0.0,0,"Drama, Romance"
empty,empty,1092472,en,The Legend of Mexman,empty,0.6,www.themoviedb.org/t/p/w600_and_h900_bestv2/vsHWhwPQeZ7LG5M8LWgxqq41nGw.jpg,2023-06-23,The Legend of Mexman,0.0,0,empty
empty,empty,1093352,en,The Last Movie Ever Made,empty,1.1,www.themoviedb.org/t/p/w600_and_h900_bestv2/dDm9EUirN3vhZSTBqpg8AjrGrDj.jpg,2023-06-23,The Last Movie Ever Made,0.0,0,empty
empty,"27, 53, 878, 14",1099411,en,Night of the Beast,empty,2.744,www.themoviedb.org/t/p/w600_and_h900_bestv2/iHLxAj7Z63HBP2UShwZmOIvrcnm.jpg,2023-06-23,Night of the Beast,0.0,0,"Horror, Thriller, Science Fiction, Fantasy"
empty,99,1101119,en,Below the Belt,empty,9.687,www.themoviedb.org/t/p/w600_and_h900_bestv2/7sv6AJjmtkkSroJAXd6Qn56QgMM.jpg,2023-06-21,Below the Belt,0.0,0,Documentary
empty,10749,1103396,en,Summer Day in Brooklyn,empty,26.44,www.themoviedb.org/t/p/w600_and_h900_bestv2/dU9UkzHQaJlxzmKCW3KIuPRU25p.jpg,2023-06-23,Summer Day in Brooklyn,0.0,0,Romance
www.themoviedb.org/t/p/w600_and_h900_bestv2/gFJlTqdhhP9LWrXZ0ywPeGirfXK.jpg,"27, 9648, 53",1103708,te,అశ్విన్స్,empty,23.581,www.themoviedb.org/t/p/w600_and_h900_bestv2/1dleEIjnnCQXMNiwIyBcd9sTieD.jpg,2023-06-23,అశ్విన్స్,0.0,0,"Horror, Mystery, Thriller"
www.themoviedb.org/t/p/w600_and_h900_bestv2/4gUWMrLP2UGJk3QMlZF0arOWJss.jpg,"10751, 28",1103710,en,ದೊಡ್ಮನ್ಸ,empty,22.042,www.themoviedb.org/t/p/w600_and_h900_bestv2/3fB8dfXXG2Apl27g2yptDppaiL8.jpg,2023-06-23,ದೊಡ್ಮನ್ಸ,0.0,0,"Family, Action"
empty,35,1103887,en,Whey: Uma Saga Anabólica em Busca da Verdade,empty,1.96,empty,2023-06-20,Whey: Uma Saga Anabólica em Busca da Verdade,0.0,0,Comedy
www.themoviedb.org/t/p/w600_and_h900_bestv2/sHwV0wtPKIJXerJ62SGBoveQyjN.jpg,35,1105771,ru,Мальдивы подождут,empty,8.245,www.themoviedb.org/t/p/w600_and_h900_bestv2/tDetkcyMZs0j04YGKcuZCkuU1SL.jpg,2023-06-21,Мальдивы подождут,0.0,0,Comedy
www.themoviedb.org/t/p/w600_and_h900_bestv2/6ugLOzbPn3kfcU63IMyOUMf4gj6.jpg,"9648, 80",1108211,zh,消失的她,empty,41.244,www.themoviedb.org/t/p/w600_and_h900_bestv2/77Ej42QUja1U5GGHRMoSxPR6AQq.jpg,2023-06-22,消失的她,0.0,0,"Mystery, Crime"
empty,empty,1108450,da,Toves værelse,empty,11.212,www.themoviedb.org/t/p/w600_and_h900_bestv2/lW6qae6GiiPnUk7hwBGsEGOEJAm.jpg,2023-06-22,Toves værelse,0.0,0,empty
www.themoviedb.org/t/p/w600_and_h900_bestv2/ktXmyQLdqN79Q7DXyUjew1MGglu.jpg,18,1110473,id,Ranting Kecil di Atas Riak,empty,5.261,www.themoviedb.org/t/p/w600_and_h900_bestv2/j2Ii9YtWi7pzjzpDiGPlhCtNqxA.jpg,2023-06-20,Ranting Kecil di Atas Riak,0.0,0,Drama
www.themoviedb.org/t/p/w600_and_h900_bestv2/a9SgEDpkAZSrtJigBV9SdPEfqyW.jpg,18,1110887,pt,Só Nós Dois,empty,22.502,www.themoviedb.org/t/p/w600_and_h900_bestv2/5mmS99ITNqDk6mBYUap0tjCVIt7.jpg,2023-06-24,Só Nós Dois,0.0,0,Drama
empty,"35, 27",1111562,en,Smoking Kills,empty,20.742,www.themoviedb.org/t/p/w600_and_h900_bestv2/zh7KxeaUqUTCzWJsUpAn74VGiX6.jpg,2023-06-24,Smoking Kills,0.0,0,"Comedy, Horror"
empty,"14, 27, 16",1112062,en,Edgar Allan Poe's The Raven,empty,2.744,www.themoviedb.org/t/p/w600_and_h900_bestv2/hj8jOoE1bVU1m1UShc0FnmhRGi0.jpg,2023-06-22,Edgar Allan Poe's The Raven,0.0,0,"Fantasy, Horror, Animation"
www.themoviedb.org/t/p/w600_and_h900_bestv2/vpfAWJM4zKZYh6i3tpzEfUiz0Y3.jpg,27,1112209,id,Sosok Ketiga,empty,13.848,www.themoviedb.org/t/p/w600_and_h900_bestv2/yAvhSlj1aciZALwtXNvaSoSwJL4.jpg,2023-06-22,Sosok Ketiga,0.0,0,Horror
empty,"99, 10402",1112569,hr,Dino Merlin Live Zagreb Arena,empty,21.491,www.themoviedb.org/t/p/w600_and_h900_bestv2/wNEceFbcUaQmnMNPQyqQCLScaxD.jpg,2023-06-25,Dino Merlin Live Zagreb Arena,0.0,0,"Documentary, Music"
www.themoviedb.org/t/p/w600_and_h900_bestv2/6JLgLMRSBOqb0EQE8XGXt3KRTwE.jpg,empty,1113321,en,LFA 161: Davis vs. Siqueira,empty,29.248,www.themoviedb.org/t/p/w600_and_h900_bestv2/7rzbK8ih3qkt3veuCrh1Ubx1eJm.jpg,2023-06-23,LFA 161: Davis vs. Siqueira,0.0,0,empty
empty,18,1113451,ru,Дыхание,empty,10.598,www.themoviedb.org/t/p/w600_and_h900_bestv2/lcGYZbk5Fr3uOK2ADGWAbAxEOXA.jpg,2023-06-22,Дыхание,0.0,0,Drama
www.themoviedb.org/t/p/w600_and_h900_bestv2/f0L9nrTFdtfRp616bGlynQghVl4.jpg,99,1115091,en,Rock Hudson: All That Heaven Allowed,empty,13.653,www.themoviedb.org/t/p/w600_and_h900_bestv2/gJxxdqtPa9lhP8SLwYedWaStQny.jpg,2023-06-20,Rock Hudson: All That Heaven Allowed,0.0,0,Documentary
empty,18,1115651,en,Castle rose,empty,20.462,empty,2023-06-25,Castle rose,0.0,0,Drama
www.themoviedb.org/t/p/w600_and_h900_bestv2/8Kzh4OKhnxggpQF2XYDl9UiAL0j.jpg,"99, 10770",1116929,es,Bios. Vidas que marcaron la tuya: Hugo Sánchez,empty,25.007,www.themoviedb.org/t/p/w600_and_h900_bestv2/tP4bX2qTb4nWb4PjwjPh0YIgAii.jpg,2023-06-23,Bios. Vidas que marcaron la tuya: Hugo Sánchez,0.0,0,"Documentary, TV Movie"
empty,empty,1117168,en,Walk Out Nice and Smooth,empty,23.427,www.themoviedb.org/t/p/w600_and_h900_bestv2/7zc0yPlAIsWj3IEGHUUgUM7ttrD.jpg,2023-06-23,Walk Out Nice and Smooth,0.0,0,empty
empty,99,1117515,fr,Mo'zar - Mon Style,empty,6.486,www.themoviedb.org/t/p/w600_and_h900_bestv2/z9G3YJCP6j2hMqFqsoC9wW0jwre.jpg,2023-06-21,Mo'zar - Mon Style,0.0,0,Documentary
www.themoviedb.org/t/p/w600_and_h900_bestv2/aE8SsOzTdkyZWACBpcU7QLZbthd.jpg,18,1118109,es,Las esquinas y otras cosas que se van,empty,9.683,www.themoviedb.org/t/p/w600_and_h900_bestv2/9limptzFgiffUOjzyGpXhA9WHJy.jpg,2023-06-22,Las esquinas y otras cosas que se van,0.0,0,Drama
empty,99,1118811,fr,Vers des transports durables – Des métropoles en mouvement,empty,20.797,www.themoviedb.org/t/p/w600_and_h900_bestv2/c6I43CYT7hyDKJsnd3j3PWcFxcy.jpg,2023-06-24,Vers des transports durables – Des métropoles en mouvement,0.0,0,Documentary
www.themoviedb.org/t/p/w600_and_h900_bestv2/8r9KDlNBZPugXK7XpcPY4Q1GVwu.jpg,99,1119130,nl,De Vlaggenhijsers,empty,7.39,www.themoviedb.org/t/p/w600_and_h900_bestv2/eLtNZbx9iajMPMklNWGEAV9si34.jpg,2023-06-21,De Vlaggenhijsers,0.0,0,Documentary
www.themoviedb.org/t/p/w600_and_h900_bestv2/7xPdbybuuKd7qmfirJtr6pC7a1D.jpg,"10770, 35, 10749",1119752,en,Make Me a Match,empty,42.435,www.themoviedb.org/t/p/w600_and_h900_bestv2/5rrxdDD4uwTXlyRvYHcrECnpXMC.jpg,2023-06-24,Make Me a Match,3.0,1,"TV Movie, Comedy, Romance"
www.themoviedb.org/t/p/w600_and_h900_bestv2/aBbel1LnBAlnUP8tDrh3b2z8N1i.jpg,"35, 18, 10751",1122453,id,Onde Mande!,empty,12.97,www.themoviedb.org/t/p/w600_and_h900_bestv2/bnFiGyF6HALiseeQ8TctDKc0eqj.jpg,2023-06-22,Onde Mande!,8.0,1,"Comedy, Drama, Family"
empty,99,1122457,de,Abenteuerland,empty,10.196,www.themoviedb.org/t/p/w600_and_h900_bestv2/5N442rtTt5s26UWOfCv8IxAiCay.jpg,2023-06-22,Abenteuerland,0.0,0,Documentary
empty,"99, 10402",1122526,en,Grateful Dead Meet-Up At The Movies 2023,empty,12.802,www.themoviedb.org/t/p/w600_and_h900_bestv2/wHJzKJ8zYZSqiFCZknb8tGFf7oR.jpg,2023-06-22,Grateful Dead Meet-Up At The Movies 2023,0.0,0,"Documentary, Music"
empty,empty,1123113,en,After the Bite,empty,10.008,empty,2023-06-21,After the Bite,0.0,0,empty
empty,99,1123846,it,Frente a Guernica,empty,9.135,www.themoviedb.org/t/p/w600_and_h900_bestv2/zGPxuIGhA6cO9EEVQiSWCGhUaOm.jpg,2023-06-22,Frente a Guernica,0.0,0,Documentary
empty,"28, 53",1124459,ms,Intiqam 2: Wira Budiman,empty,6.395,www.themoviedb.org/t/p/w600_and_h900_bestv2/eybNewrbhBwujdqrkmoSwLHfD2U.jpg,2023-06-21,Intiqam 2: Wira Budiman,0.0,0,"Action, Thriller"
empty,35,1124585,en,Sour Party,empty,1.094,www.themoviedb.org/t/p/w600_and_h900_bestv2/4GCLOGH9M5JO3AoFQEsXAokidXF.jpg,2023-06-24,Sour Party,0.0,0,Comedy
empty,99,1124798,en,Arts And Crafts History: Facts About Crochet,empty,5.639,www.themoviedb.org/t/p/w600_and_h900_bestv2/uwFI5P7G7nJj0s0t1hMKqT0ks8f.jpg,2023-06-20,Arts And Crafts History: Facts About Crochet,0.0,0,Documentary
empty,18,1125165,en,Mrs. Booker on 8th Avenue,empty,0.6,www.themoviedb.org/t/p/w600_and_h900_bestv2/aOGYWqv0xvJLlcHCyQ1bCXJaD7c.jpg,2023-06-23,Mrs. Booker on 8th Avenue,0.0,0,Drama
empty,99,1125732,ru,Клятва,empty,8.925,empty,2023-06-22,Клятва,0.0,0,Documentary
empty,878,1126394,en,The Night Jane Went Insane,empty,10.113,www.themoviedb.org/t/p/w600_and_h900_bestv2/hpWL0yeKzlLFqMSaz9WkoZxUR4q.jpg,2023-06-22,The Night Jane Went Insane,0.0,0,Science Fiction
empty,"36, 35",1126444,ja,大名倒産,empty,24.574,empty,2023-06-23,大名倒産,0.0,0,"History, Comedy"
empty,80,1126608,zh,绝地追击,empty,7.49,www.themoviedb.org/t/p/w600_and_h900_bestv2/ajS9BWiZqswD3HX6bpyJGHGzsMj.jpg,2023-06-21,绝地追击,0.0,0,Crime
empty,"27, 35",1126718,en,Some Day All This Will Be Yours,empty,9.482,www.themoviedb.org/t/p/w600_and_h900_bestv2/y00jHucCrw6cG7cNx6AHlPTaeCB.jpg,2023-06-22,Some Day All This Will Be Yours,0.0,0,"Horror, Comedy"
www.themoviedb.org/t/p/w600_and_h900_bestv2/5jkEkbl4IUIe8ULFuAbAjfY7txD.jpg,empty,1127137,en,Between Mercy and Me,"Dois músicos. Uma cidade. Duas experiências muito diferentes. Um Deus que nunca muda. BETWEEN MERCY AND ME é uma jornada musical aos corações dos amigos inesperados Hugo e Mercy, que lutam para encontrar uma conexão e esperança para sua comunidade ferida... e para eles mesmos.  Não temos nenhuma equipa técnica adicionada a este movie. Pode ajudar adicionando alguém!",11.54,www.themoviedb.org/t/p/w600_and_h900_bestv2/i09a12E1ZvbIS9vXTkGvSr0LuHV.jpg,2023-06-20,Between Mercy and Me,0.0,0,empty
www.themoviedb.org/t/p/w600_and_h900_bestv2/z4PxHqK1SatgT2bVUCGCAvXQ4Be.jpg,99,1127211,en,King of Clones,empty,38.819,www.themoviedb.org/t/p/w600_and_h900_bestv2/jJAF2h2iLLCpKUocEnoJz7wKtWq.jpg,2023-06-23,King of Clones,8.0,1,Documentary
www.themoviedb.org/t/p/w600_and_h900_bestv2/aEdXevho4uBWoDQBIigIsKCFvCf.jpg,18,1127227,tl,Tayuan,empty,380.53,www.themoviedb.org/t/p/w600_and_h900_bestv2/xoOgf4Grb5Kl2EeFacbuMUd5vJi.jpg,2023-06-23,Tayuan,10.0,2,Drama
empty,18,1127579,zh,紅的夢,empty,20.791,empty,2023-06-24,紅的夢,0.0,0,Drama
empty,18,1128481,zh,出逃時光,empty,0.6,www.themoviedb.org/t/p/w600_and_h900_bestv2/xBOc1P9xbnkqyooDbKZFi80vtZB.jpg,2023-06-24,出逃時光,0.0,0,Drama
empty,878,1128512,en,Interdimensional Pizza Portal,empty,22.452,www.themoviedb.org/t/p/w600_and_h900_bestv2/kFbHI6k63BRDfUTkmQvZC9KhRcU.jpg,2023-06-23,Interdimensional Pizza Portal,0.0,0,Science Fiction
empty,empty,1128662,en,Femme Rage,empty,22.799,www.themoviedb.org/t/p/w600_and_h900_bestv2/p8WzzqoDl225ryU7sFkvzQNt7o6.jpg,2023-06-23,Femme Rage,0.0,0,empty
empty,empty,1128664,en,The Girl That Got Away,empty,23.048,www.themoviedb.org/t/p/w600_and_h900_bestv2/fHqjJglrBRpnQNNUDUpWCBuH2yN.jpg,2023-06-23,The Girl That Got Away,0.0,0,empty
empty,empty,1128666,en,Take Me There,empty,22.299,www.themoviedb.org/t/p/w600_and_h900_bestv2/cH0JcwYT9ZJ0Jn4V5IiCnXF94ji.jpg,2023-06-23,Take Me There,0.0,0,empty
empty,99,1128744,es,Santiago de las mujeres,empty,9.037,empty,2023-06-22,Santiago de las mujeres,0.0,0,Documentary
empty,18,1128768,zh,聲線,empty,0.6,empty,2023-06-25,聲線,0.0,0,Drama
empty,18,1128775,zh,尋鹿,empty,0.6,empty,2023-06-24,尋鹿,0.0,0,Drama
empty,18,1128782,zh,初聲,empty,0.6,empty,2023-06-25,初聲,0.0,0,Drama
www.themoviedb.org/t/p/w600_and_h900_bestv2/u6bGwwMgQhcqQJKHASwN4PEcYyj.jpg,"80, 28, 53",1129956,en,iNumber Number: Jozi Gold,Um agente infiltrado é incumbido de investigar um assalto histórico em Joanesburgo que o força a optar entre a sua consciência e a lei.,41.577,www.themoviedb.org/t/p/w600_and_h900_bestv2/lfsbL4QcmMKJvdVYE36tPRmoaiv.jpg,2023-06-23,iNumber Number: O Ouro de Joanesburgo,5.0,1,"Crime, Action, Thriller"
empty,empty,1130439,pt,Bégan,empty,5.379,www.themoviedb.org/t/p/w600_and_h900_bestv2/kODJ6LkAS9XhHWoYpQ4oxdzxfEU.jpg,2023-06-21,Bégan,0.0,0,empty
www.themoviedb.org/t/p/w600_and_h900_bestv2/qGX0OwNilPXo2TyH803DzQwpies.jpg,18,1130481,en,The Calling,empty,10.77,www.themoviedb.org/t/p/w600_and_h900_bestv2/gowNU3d796UFLi9fRlaiL0FrO4F.jpg,2023-06-20,The Calling,0.0,0,Drama
www.themoviedb.org/t/p/w600_and_h900_bestv2/idHh2gFOJalPrvQLmduVMmKquHW.jpg,"28, 35, 80",1130818,en,Sheroes,empty,32.017,www.themoviedb.org/t/p/w600_and_h900_bestv2/rpFvrUp5RZIoHD5s8YRDmE3S4PG.jpg,2023-06-23,Sheroes,0.0,0,"Action, Comedy, Crime"
empty,empty,1130865,en,Because I Know How Beautiful My Being Is,empty,20.5,empty,2023-06-25,Because I Know How Beautiful My Being Is,0.0,0,empty
www.themoviedb.org/t/p/w600_and_h900_bestv2/qo0TqleVK8BnkbSvoqLWfb5pYmf.jpg,empty,1131134,en,Containment Breach,empty,1.4,www.themoviedb.org/t/p/w600_and_h900_bestv2/jeklaDgowrtq5LDSqV23vSXBtB7.jpg,2023-06-23,Containment Breach,0.0,0,empty
www.themoviedb.org/t/p/w600_and_h900_bestv2/mkZRl9vpDERkrZ5FbfpGyvNxjdT.jpg,"18, 10749",1131329,tl,Will You Be My Ex?,empty,32.899,www.themoviedb.org/t/p/w600_and_h900_bestv2/sKZLhK035o0Eac92kduW2dde2p0.jpg,2023-06-21,Will You Be My Ex?,0.0,0,"Drama, Romance"
empty,18,1131515,en,For the Safety of Theo,empty,20.766,www.themoviedb.org/t/p/w600_and_h900_bestv2/czrIzXXMNwjqWNM2zxpN2fS2wO7.jpg,2023-06-24,For the Safety of Theo,0.0,0,Drama
empty,"27, 53",1131741,en,Nails,empty,6.386,www.themoviedb.org/t/p/w600_and_h900_bestv2/qlVzonaL9kLsj9WwSA5xBvFnTD3.jpg,2023-06-21,Nails,0.0,0,"Horror, Thriller"
www.themoviedb.org/t/p/w600_and_h900_bestv2/qMWF5cEJG45p51EhqxUWeQLpH4o.jpg,99,1131845,en,That Peter Crouch Film,empty,53.036,www.themoviedb.org/t/p/w600_and_h900_bestv2/x8rO8CEk4wmqO8wJPMTWN0kMVcT.jpg,2023-06-22,That Peter Crouch Film,0.0,0,Documentary
empty,"27, 35",1131975,en,The Haunting of Hype House,empty,0.6,www.themoviedb.org/t/p/w600_and_h900_bestv2/6lsToYSll1GNppazAa1mgDAghuE.jpg,2023-06-23,The Haunting of Hype House,0.0,0,"Horror, Comedy"
empty,"35, 18",1131982,en,The Third,empty,1.4,www.themoviedb.org/t/p/w600_and_h900_bestv2/qu90wEmiYG2SnuAX2TaRk2prrSQ.jpg,2023-06-23,The Third,0.0,0,"Comedy, Drama"
empty,35,1132465,de,Die Tagebücher von Adam und Eva,empty,23.843,empty,2023-06-25,Die Tagebücher von Adam und Eva,0.0,0,Comedy
empty,18,1132471,de,Fossil,empty,23.947,empty,2023-06-25,Fossil,0.0,0,Drama
empty,18,1132475,de,More Than Strangers,empty,23.153,empty,2023-06-25,More Than Strangers,0.0,0,Drama
empty,99,1132483,en,War and Justice,empty,24.48,www.themoviedb.org/t/p/w600_and_h900_bestv2/xd1HYtQ6EVjHecvyBneg8fcz4jC.jpg,2023-06-25,War and Justice,0.0,0,Documentary
empty,99,1132565,fr,"Adeptes, de l'emprise à la déprise",empty,7.944,www.themoviedb.org/t/p/w600_and_h900_bestv2/wNJ2MQSwLkW6JyauJtDmiE9hUkj.jpg,2023-06-21,"Adeptes, de l'emprise à la déprise",0.0,0,Documentary
www.themoviedb.org/t/p/w600_and_h900_bestv2/fDeoZV0a27bafssV4vtnY3YDoxz.jpg,18,1134114,en,Dash Films Presents: The Prince of Detroit,empty,25.663,www.themoviedb.org/t/p/w600_and_h900_bestv2/45dqouZF3PhGqhUfpTSFEi5ENyR.jpg,2023-06-23,Dash Films Presents: The Prince of Detroit,0.0,0,Drama
www.themoviedb.org/t/p/w600_and_h900_bestv2/4AmlADnXPUQUCYyV9vwQY89o7Sk.jpg,35,1134203,en,85 South: Ghetto Legends,empty,20.975,www.themoviedb.org/t/p/w600_and_h900_bestv2/h4nJL7Cm3BjT9uLQjXOyHbDD5V4.jpg,2023-06-20,85 South: Ghetto Legends,4.5,2,Comedy
empty,18,1135107,en,BEFORE DIVORCE,empty,5.03,www.themoviedb.org/t/p/w600_and_h900_bestv2/nOPufrLFzsgVvtlx0ONaiIVBoHr.jpg,2023-06-20,BEFORE DIVORCE,0.0,0,Drama
empty,27,1135161,km,សាកសព7ថ្ងៃ,empty,10.712,www.themoviedb.org/t/p/w600_and_h900_bestv2/bFZkXzStVerPCFRYbehzp3txDVq.jpg,2023-06-22,សាកសព7ថ្ងៃ,8.5,1,Horror
empty,99,1135248,en,Barrel Children: The Families Windrush Left Behind,empty,21.414,empty,2023-06-25,Barrel Children: The Families Windrush Left Behind,0.0,0,Documentary
empty,99,1135371,en,Cinéma Laika,empty,20.786,empty,2023-06-24,Cinéma Laika,0.0,0,Documentary
empty,18,1136282,zh,我是我自己的家,empty,9.637,www.themoviedb.org/t/p/w600_and_h900_bestv2/usssgTJnOh8xp37T7pMybpbJL2z.jpg,2023-06-22,我是我自己的家,0.0,0,Drama
empty,18,1136306,fr,Nos Futures,empty,21.314,www.themoviedb.org/t/p/w600_and_h900_bestv2/sPU6usbS6O04gdoAkQPD6Bmc314.jpg,2023-06-25,Nos Futures,0.0,0,Drama
empty,18,1136309,fr,Boussa,empty,21.431,www.themoviedb.org/t/p/w600_and_h900_bestv2/u7bZHELmT1SPbtxitmNfb6hYLYX.jpg,2023-06-25,Boussa,0.0,0,Drama
empty,empty,1136532,en,Sammen er du mere,empty,10.665,www.themoviedb.org/t/p/w600_and_h900_bestv2/pRj5Cu4Ln7Y51sB69swAQH7hf9b.jpg,2023-06-22,Sammen er du mere,0.0,0,empty
www.themoviedb.org/t/p/w600_and_h900_bestv2/bOTRF6tI2wnste5S0Y1grdYyiSE.jpg,18,1136624,pt,Ramal,empty,5.053,www.themoviedb.org/t/p/w600_and_h900_bestv2/h1JUwfAGEKuubehXa1qFFL6SJ3o.jpg,2023-06-20,Ramal,0.0,0,Drama
empty,"18, 14",1136726,en,Mermaids' Lament,empty,28.155,www.themoviedb.org/t/p/w600_and_h900_bestv2/inzHD0M1fYgQBAmVq2CFQDC5mHu.jpg,2023-06-25,Mermaids' Lament,0.0,0,"Drama, Fantasy"
www.themoviedb.org/t/p/w600_and_h900_bestv2/iaDPHRpg2HEyKzf0WNK4j3dvWHI.jpg,"16, 12, 9648",1136843,en,地平線の不変,empty,22.918,www.themoviedb.org/t/p/w600_and_h900_bestv2/w8C5VEVYVzGEiXfxm8VhV5ZsBq3.jpg,2023-06-25,地平線の不変,0.0,0,"Animation, Adventure, Mystery"
empty,empty,1136909,en,Helvete,empty,9.608,empty,2023-06-22,Helvete,0.0,0,empty
empty,empty,1136910,en,I Ghosted You,empty,9.103,empty,2023-06-22,I Ghosted You,0.0,0,empty
empty,empty,1136913,da,Nationen,empty,10.671,empty,2023-06-22,Nationen,0.0,0,empty
empty,empty,1136917,en,Fri,empty,9.108,empty,2023-06-22,Fri,0.0,0,empty
empty,10402,1137132,ko,나비효과,empty,10.094,www.themoviedb.org/t/p/w600_and_h900_bestv2/mWTFTNJiGTI7VyELmEqSb9zp21i.jpg,2023-06-22,나비효과,0.0,0,Music
www.themoviedb.org/t/p/w600_and_h900_bestv2/vzFRsBM4tpl53SoGnyvnzxrm768.jpg,"99, 10402",1137172,ko,마마무: 마이콘 더 무비,empty,6.862,www.themoviedb.org/t/p/w600_and_h900_bestv2/rWZbuzouabdENFycxx4Yax1OUFJ.jpg,2023-06-21,마마무: 마이콘 더 무비,0.0,0,"Documentary, Music"
empty,empty,1137195,my,ကကြီးခကွေး,empty,22.688,www.themoviedb.org/t/p/w600_and_h900_bestv2/mYbF4Iz9nEbDklRfORLEMFBP5xg.jpg,2023-06-23,ကကြီးခကွေး,0.0,0,empty
www.themoviedb.org/t/p/w600_and_h900_bestv2/wtau2cfwtMcgWdWRX5KwS89dXeb.jpg,10751,1137267,no,Karsten og Petra - Gullringen fra Atlantis,empty,24.367,www.themoviedb.org/t/p/w600_and_h900_bestv2/7TEFCPp3hMdtxOMGlVcFSKZrGwA.jpg,2023-06-23,Karsten og Petra - Gullringen fra Atlantis,0.0,0,Family
www.themoviedb.org/t/p/w600_and_h900_bestv2/uBIrxH7qYv2AD2chGd9dRkJtdOS.jpg,"27, 53",1137271,es,En caso de sismo,empty,22.128,www.themoviedb.org/t/p/w600_and_h900_bestv2/42Nl6E41B7ZsMBF4KIWeApWudqg.jpg,2023-06-25,En caso de sismo,0.0,0,"Horror, Thriller"
empty,99,1137317,ru,Сцена за сценой,empty,6.745,www.themoviedb.org/t/p/w600_and_h900_bestv2/eIZm3YGDvEJD5AXXow2L6U64uVg.jpg,2023-06-21,Сцена за сценой,0.0,0,Documentary
empty,99,1137352,ru,Последний теплоход,empty,9.296,www.themoviedb.org/t/p/w600_and_h900_bestv2/bHP7MapXF0XrCLSjcnNEhvN4frQ.jpg,2023-06-22,Последний теплоход,0.0,0,Documentary
empty,99,1137356,ru,Мы им доверяем,empty,9.495,www.themoviedb.org/t/p/w600_and_h900_bestv2/cFAOvKohHP95V9gwivdalbkW4ev.jpg,2023-06-22,Мы им доверяем,0.0,0,Documentary
empty,99,1137360,ru,Фиолетовая страна,empty,6.631,empty,2023-06-21,Фиолетовая страна,0.0,0,Documentary
empty,99,1137362,zh,Water Mill at Badi,empty,9.189,empty,2023-06-22,Water Mill at Badi,0.0,0,Documentary
empty,99,1137365,es,El peso de la quietud,empty,6.387,empty,2023-06-21,El peso de la quietud,0.0,0,Documentary
empty,99,1137374,ru,Цифровое бессмертие,empty,6.631,empty,2023-06-21,Цифровое бессмертие,0.0,0,Documentary
empty,99,1137376,ru,Ева,empty,6.631,empty,2023-06-21,Ева,0.0,0,Documentary
empty,99,1137377,ru,Беглецы,empty,6.439,www.themoviedb.org/t/p/w600_and_h900_bestv2/2hwYcFJhuDcanf7yFf0yrcwyn83.jpg,2023-06-21,Беглецы,0.0,0,Documentary
empty,99,1137383,ru,Пошлые вещи,empty,6.42,empty,2023-06-21,Пошлые вещи,0.0,0,Documentary
empty,99,1137384,ru,Тучи как люди,empty,8.92,empty,2023-06-22,Тучи как люди,0.0,0,Documentary
empty,99,1137385,ru,Водяная,empty,6.337,empty,2023-06-21,Водяная,0.0,0,Documentary
empty,empty,1137395,en,Sensitivity in Low Light Conditions,empty,5.039,empty,2023-06-20,Sensitivity in Low Light Conditions,0.0,0,empty
empty,99,1137398,ru,Женщина-охотница,empty,9.363,empty,2023-06-22,Женщина-охотница,0.0,0,Documentary
empty,99,1137401,ru,Коллекционер,empty,9.185,empty,2023-06-22,Коллекционер,0.0,0,Documentary
empty,99,1137405,ru,Король бакланов,empty,6.664,empty,2023-06-21,Король бакланов,0.0,0,Documentary
empty,99,1137406,ru,Хороший доктор,empty,10.553,empty,2023-06-22,Хороший доктор,0.0,0,Documentary
empty,99,1137408,ru,"Путешествие Льюиса Кэрролла сквозь зеркало, и что он нашел там",empty,9.777,www.themoviedb.org/t/p/w600_and_h900_bestv2/75en2M7WT4on0aw7BGsYQpfkz13.jpg,2023-06-22,"Путешествие Льюиса Кэрролла сквозь зеркало, и что он нашел там",0.0,0,Documentary
empty,99,1137409,ru,Между отчаянием и надеждой,empty,6.626,empty,2023-06-21,Между отчаянием и надеждой,0.0,0,Documentary
empty,99,1137411,ru,В чем моя вера,empty,6.646,www.themoviedb.org/t/p/w600_and_h900_bestv2/2NjwjprHEKVIAWNRy6zNdRBbBv6.jpg,2023-06-21,В чем моя вера,0.0,0,Documentary
empty,99,1137413,ru,В Россию пешком или как закончить фильм,empty,8.914,empty,2023-06-22,В Россию пешком или как закончить фильм,0.0,0,Documentary
empty,"35, 18",1137491,en,There She Goes 2023 Special: 414,empty,10.365,www.themoviedb.org/t/p/w600_and_h900_bestv2/qCUHbqGcjTypijDRE6zE6LdepJY.jpg,2023-06-21,There She Goes 2023 Special: 414,10.0,1,"Comedy, Drama"
empty,18,1138111,ko,살롱 드 서울,empty,7.644,www.themoviedb.org/t/p/w600_and_h900_bestv2/my78xsO6Gtwq8fULAbqODvFFpmC.jpg,2023-06-21,살롱 드 서울,0.0,0,Drama
www.themoviedb.org/t/p/w600_and_h900_bestv2/mWr6QmpmS7UeZ4aqD3ukKIErCmA.jpg,"99, 18",1138329,es,Hasta el último día,empty,9.047,www.themoviedb.org/t/p/w600_and_h900_bestv2/rJ0jdHPRcWhvIbTCLTyWXGCGJvM.jpg,2023-06-22,Hasta el último día,0.0,0,"Documentary, Drama"
www.themoviedb.org/t/p/w600_and_h900_bestv2/9uqJgA8E9jxiWiuSRhncR1rA3sc.jpg,empty,1138476,ja,リバー、流れないでよ,empty,24.452,www.themoviedb.org/t/p/w600_and_h900_bestv2/1PYe4GIlPRRksCBvEWrHWbbPKXu.jpg,2023-06-23,リバー、流れないでよ,0.0,0,empty
www.themoviedb.org/t/p/w600_and_h900_bestv2/fYw50MBjwX0LI1JuD7PpXXtJGuw.jpg,empty,1138525,bn,আদর,empty,24.531,www.themoviedb.org/t/p/w600_and_h900_bestv2/uGsDDT8hF0663VlE341Bf8L393f.jpg,2023-06-23,আদর,0.0,0,empty
empty,53,1138546,tl,The Revelation,empty,8.28,www.themoviedb.org/t/p/w600_and_h900_bestv2/rV3v000DLShL96ioPa35L3lqgUz.jpg,2023-06-21,The Revelation,0.0,0,Thriller
empty,"18, 80",1138688,sr,Treba Mi,empty,5.379,www.themoviedb.org/t/p/w600_and_h900_bestv2/ujPpznstbPRvWs3R6sdMXR3GQ9J.jpg,2023-06-22,Treba Mi,0.0,0,"Drama, Crime"
empty,99,1138737,en,We're All Plastic People Now,empty,8.739,www.themoviedb.org/t/p/w600_and_h900_bestv2/rsW8rTmhRxW5irasy9NH4L6WLQS.jpg,2023-06-21,We're All Plastic People Now,0.0,0,Documentary
empty,empty,1138762,he,More Than Friends,empty,22.771,www.themoviedb.org/t/p/w600_and_h900_bestv2/5qqCAdrBDXBP2uDqCeIsaJmanJX.jpg,2023-06-23,More Than Friends,0.0,0,empty
empty,empty,1138766,en,Romance Package for Two,empty,21.595,www.themoviedb.org/t/p/w600_and_h900_bestv2/3jgVzkRD2OYaUpCtsetI9yJP4ql.jpg,2023-06-24,Romance Package for Two,0.0,0,empty
empty,empty,1138776,he,Arava,empty,8.914,www.themoviedb.org/t/p/w600_and_h900_bestv2/l8qQt4JaT1uaH3pbJ3J5Ge2QiN4.jpg,2023-06-22,Arava,0.0,0,empty
www.themoviedb.org/t/p/w600_and_h900_bestv2/desPbnQYQ1JUHaS99Hjuq8LpPAT.jpg,99,1138981,pt,TEMP(O)RAL,empty,24.884,www.themoviedb.org/t/p/w600_and_h900_bestv2/dClzSdcdowW6p4mE9dSA7H4mX9z.jpg,2023-06-24,TEMP(O)RAL,0.0,0,Documentary
empty,"27, 53",1139111,en,Followers,empty,0.626,www.themoviedb.org/t/p/w600_and_h900_bestv2/jjwsPz8MMLjZrpH8HJbo98P6QMK.jpg,2023-06-23,Followers,0.0,0,"Horror, Thriller"
www.themoviedb.org/t/p/w600_and_h900_bestv2/qUWp4bN6kRpSBTkYkTBaZX55aAX.jpg,"35, 10751",1139749,es,Una familia absolutamente normal,empty,8.388,www.themoviedb.org/t/p/w600_and_h900_bestv2/v11mfGdr4WhiPaHUKrZ2PHqKhD4.jpg,2023-06-22,Una familia absolutamente normal,0.0,0,"Comedy, Family"
www.themoviedb.org/t/p/w600_and_h900_bestv2/8q5rDtZhKQsKffstxHrB7JsteQh.jpg,"53, 878",1140066,de,Paradise,empty,28.93,www.themoviedb.org/t/p/w600_and_h900_bestv2/yGz88hNPcHUJkUx7MPm0Ue6GZt7.jpg,2023-06-24,Paradise,0.0,0,"Thriller, Science Fiction"
empty,empty,1140438,en,Den udvalgte,empty,9.532,empty,2023-06-22,Den udvalgte,0.0,0,empty
www.themoviedb.org/t/p/w600_and_h900_bestv2/10hlQsMzW42cfFrT8vPKQvSp2Se.jpg,"878, 10749, 18",1140525,en,Self Portraits or: How to talk endearingly to possible victims,empty,5.451,www.themoviedb.org/t/p/w600_and_h900_bestv2/84ejegOZdTQSIiOXJKzmCJGprJj.jpg,2023-06-20,Self Portraits or: How to talk endearingly to possible victims,0.0,0,"Science Fiction, Romance, Drama"
empty,99,1140694,en,The Group A Montage,empty,6.702,www.themoviedb.org/t/p/w600_and_h900_bestv2/2qgYdWTLLX7dnXEt7iHSYm2x8b8.jpg,2023-06-21,The Group A Montage,10.0,1,Documentary
empty,empty,1140780,en,Eternal Father,empty,9.649,empty,2023-06-22,Eternal Father,0.0,0,empty
empty,empty,1140782,en,Jorden kalder Jenny,empty,20.664,empty,2023-06-23,Jorden kalder Jenny,0.0,0,empty
empty,"878, 14, 10402, 27",1140884,en,The Labyrinth of the Gynomorph,empty,20.664,empty,2023-06-23,The Labyrinth of the Gynomorph,0.0,0,"Science Fiction, Fantasy, Music, Horror"
empty,empty,1140995,da,Once Upon a Time on Twitch,empty,14.76,empty,2023-06-23,Once Upon a Time on Twitch,0.0,0,empty
empty,empty,1140996,en,Romantica,empty,14.76,empty,2023-06-23,Romantica,0.0,0,empty
empty,empty,1140998,en,Vildkvinde,empty,14.76,www.themoviedb.org/t/p/w600_and_h900_bestv2/tuLFDiOiOOI5fD6gfVcJIKO864k.jpg,2023-06-23,Vildkvinde,0.0,0,empty
empty,empty,1140999,da,Vokseværk,empty,14.76,www.themoviedb.org/t/p/w600_and_h900_bestv2/bgdNjriighmZHNEBsQOqSYza84K.jpg,2023-06-23,Vokseværk,0.0,0,empty
www.themoviedb.org/t/p/w600_and_h900_bestv2/babTgQ64xvgbTBytuuhsOxyXd2G.jpg,empty,1141009,no,Sommerfest fra Telemark 2023,empty,14.76,www.themoviedb.org/t/p/w600_and_h900_bestv2/sd6sEOgWR8sPpFBobE3CixQFazt.jpg,2023-06-23,Sommerfest fra Telemark 2023,0.0,0,empty
empty,empty,1141022,es,El primer beso,empty,14.76,www.themoviedb.org/t/p/w600_and_h900_bestv2/bh9jRSU79ZW1MFJhLft8XbcPVyi.jpg,2023-06-23,El primer beso,0.0,0,empty
www.themoviedb.org/t/p/w600_and_h900_bestv2/EahgHmOULhHLVctKWrZW563YJy.jpg,35,1141075,en,Plight of the Pintman,empty,14.76,www.themoviedb.org/t/p/w600_and_h900_bestv2/lwv9GnwIvzChGt0hnHmp4nQV9ba.jpg,2023-06-23,Plight of the Pintman,10.0,1,Comedy
empty,empty,1141422,en,Lonely Country,empty,8.743,www.themoviedb.org/t/p/w600_and_h900_bestv2/rfGmrRNmbqVBvxeLex797Fego0v.jpg,2023-06-22,Lonely Country,0.0,0,empty
empty,empty,1141423,en,Souvenir,empty,8.993,www.themoviedb.org/t/p/w600_and_h900_bestv2/d6bFyhxaOMhio2BndGGgD5JcFn8.jpg,2023-06-22,Souvenir,0.0,0,empty
empty,empty,1141526,pt,Lô Borges - Toda Essa Água,empty,10.543,empty,2023-06-24,Lô Borges - Toda Essa Água,0.0,0,empty
empty,empty,1141529,pt,Uma Tarde pra Tirar Retrato,empty,6.207,empty,2023-06-21,Uma Tarde pra Tirar Retrato,0.0,0,empty
empty,empty,1141532,pt,A Bata do Milho,empty,6.207,empty,2023-06-21,A Bata do Milho,0.0,0,empty
empty,empty,1141536,pt,O Voo,empty,6.207,empty,2023-06-21,O Voo,0.0,0,empty
empty,empty,1141538,en,OVERLOAD,empty,14.76,www.themoviedb.org/t/p/w600_and_h900_bestv2/ec8NUItjEqLRpJXOS3sa5Srexxy.jpg,2023-06-25,OVERLOAD,0.0,0,empty
www.themoviedb.org/t/p/w600_and_h900_bestv2/4ZLX8OAYRAzjMVNQadpRw8la47t.jpg,99,1141546,pt,A Edição do Nordeste,empty,6.32,www.themoviedb.org/t/p/w600_and_h900_bestv2/lwiVpivmiQwE70lMI809uEOuS9A.jpg,2023-06-21,A Edição do Nordeste,0.0,0,Documentary
empty,empty,1141552,pt,Baile Soul,empty,8.493,www.themoviedb.org/t/p/w600_and_h900_bestv2/jwLON2CUOB3lIyawONPwrM8EqkG.jpg,2023-06-22,Baile Soul,0.0,0,empty
empty,empty,1141579,pt,Anna Bella Geiger,empty,14.76,empty,2023-06-25,Anna Bella Geiger,0.0,0,empty
empty,empty,1141593,pt,Amei te Ver,empty,8.743,empty,2023-06-22,Amei te Ver,0.0,0,empty
empty,empty,1141598,pt,Bolha,empty,10.543,empty,2023-06-23,Bolha,0.0,0,empty
www.themoviedb.org/t/p/w600_and_h900_bestv2/lAI4cupcrIK1Ew4KrV4DqEvt7tj.jpg,18,1141899,en,On Your Own,empty,10.543,www.themoviedb.org/t/p/w600_and_h900_bestv2/pY6EYSBPYQDE8yJzvd5WKTjiqCB.jpg,2023-06-25,On Your Own,0.0,0,Drama
www.themoviedb.org/t/p/w600_and_h900_bestv2/v430rO5Vytvcrvs54JjZ827vJfE.jpg,"28, 12, 35, 27, 53",1141923,en,College Shark,empty,5.249,www.themoviedb.org/t/p/w600_and_h900_bestv2/3Ibz2zEZv7XLrsCbvnoP0dR3yeF.jpg,2023-06-20,College Shark,10.0,1,"Action, Adventure, Comedy, Horror, Thriller"
empty,"878, 28",1142033,sw,EONII,empty,7.531,empty,2023-06-23,EONII,0.0,0,"Science Fiction, Action"
empty,35,1142070,es,Pastel de papas,empty,5.883,www.themoviedb.org/t/p/w600_and_h900_bestv2/ftKJgnzEF0RPA9mN2QHXTMu3T3r.jpg,2023-06-21,Pastel de papas,0.0,0,Comedy
www.themoviedb.org/t/p/w600_and_h900_bestv2/wJbIFDB26H73qBzqehoUGszxJkF.jpg,"18, 35",1142076,en,SOAPBOX,empty,5.379,www.themoviedb.org/t/p/w600_and_h900_bestv2/euD3PZv6uLr1aFK3qS6gen4rvZv.jpg,2023-06-21,SOAPBOX,0.0,0,"Drama, Comedy"
www.themoviedb.org/t/p/w600_and_h900_bestv2/cTsiiwueYMRa8x2kqMW1dfTHYfl.jpg,99,1142211,fr,Eighty-two minutes and six seconds of nothing occasionally interrupted by nothing,empty,4.927,www.themoviedb.org/t/p/w600_and_h900_bestv2/n03bkIuHFKQgU65cb63Ca3OYNRf.jpg,2023-06-20,Eighty-two minutes and six seconds of nothing occasionally interrupted by nothing,0.0,0,Documentary
www.themoviedb.org/t/p/w600_and_h900_bestv2/fW3FlVHNqsDnuIVlXkMXrBNF9Gh.jpg,99,1142449,fr,La bataille d'Airbus,empty,4.976,www.themoviedb.org/t/p/w600_and_h900_bestv2/3cmCqEjZbudSyLlJOdk5WXvtjnk.jpg,2023-06-20,La bataille d'Airbus,9.0,1,Documentary
www.themoviedb.org/t/p/w600_and_h900_bestv2/vgZIYCnpr63IhXc00kY5vc9O9sT.jpg,99,1142475,fr,Barland,empty,4.726,www.themoviedb.org/t/p/w600_and_h900_bestv2/5rbi86qybNHBTY2UldGJ2gLgBBX.jpg,2023-06-20,Barland,9.0,1,Documentary
www.themoviedb.org/t/p/w600_and_h900_bestv2/AfdBkrpvvLEPW6wWomNCzXypfOA.jpg,"18, 36",1142485,pa,Shonk Sardari Da,empty,3.842,www.themoviedb.org/t/p/w600_and_h900_bestv2/oHkOSxC4Pw7IOCC0xpMjn2c8xH3.jpg,2023-06-23,Shonk Sardari Da,0.0,0,"Drama, History"
empty,empty,1142487,ja,Moon And Goldfish,empty,3.842,www.themoviedb.org/t/p/w600_and_h900_bestv2/p4XnxnJlBAYzalT1H9yhf3ENJ9L.jpg,2023-06-24,Moon And Goldfish,0.0,0,empty
empty,"28, 80, 18",1142491,zh,曼谷风云,empty,5.379,www.themoviedb.org/t/p/w600_and_h900_bestv2/bDOHC0n2rkSmbOS0awPNChtUZ16.jpg,2023-06-20,曼谷风云,2.0,1,"Action, Crime, Drama"
empty,99,1142541,pt,Resistência - A Jornada dos Refugiados no Carnaval do Rio,empty,4.695,empty,2023-06-20,Resistência - A Jornada dos Refugiados no Carnaval do Rio,0.0,0,Documentary
empty,99,1142553,fr,"Respire, Souris, vis",empty,5.379,www.themoviedb.org/t/p/w600_and_h900_bestv2/1CAxSKlzkdwYclo7XRXBrNMLteL.jpg,2023-06-22,"Respire, Souris, vis",0.0,0,Documentary
empty,99,1142557,en,Bizarroïde,empty,5.379,www.themoviedb.org/t/p/w600_and_h900_bestv2/zH9yH3IPrx5Bc9E3Z9HOCNi08KA.jpg,2023-06-22,Bizarroïde,0.0,0,Documentary
empty,empty,1142565,uk,До комендантської години,empty,5.379,www.themoviedb.org/t/p/w600_and_h900_bestv2/9FRs0fv37ArDfx1yOo5fLHYKPkk.jpg,2023-06-25,До комендантської години,0.0,0,empty
empty,99,1142573,uk,Rebel Queers: Квір-опір України,empty,5.379,www.themoviedb.org/t/p/w600_and_h900_bestv2/dehvM37tK53iyC6eCCPT1zTAdu0.jpg,2023-06-25,Rebel Queers: Квір-опір України,0.0,0,Documentary
www.themoviedb.org/t/p/w600_and_h900_bestv2/i3rbmvTESlGzNkVQW5c8eiOfanK.jpg,10770,1142579,en,Mini Reni,empty,5.379,www.themoviedb.org/t/p/w600_and_h900_bestv2/w10989RHK3jD0ApClMzazQafKcW.jpg,2023-06-25,Mini Reni,0.0,0,TV Movie
empty,empty,1142584,en,STATE OF ORIGIN 2023: GAME 2,empty,3.842,www.themoviedb.org/t/p/w600_and_h900_bestv2/nPHCu4TueBw8QVuKB4gycGpcONQ.jpg,2023-06-21,STATE OF ORIGIN 2023: GAME 2,0.0,0,empty
www.themoviedb.org/t/p/w600_and_h900_bestv2/tni4NmpzqDYCwgHaYBhc5jon0q9.jpg,35,1142601,en,Huge Davies - The Carpark,empty,4.695,www.themoviedb.org/t/p/w600_and_h900_bestv2/nDpwmVQN8Wp4dNCm4FqrA1G3HMV.jpg,2023-06-20,Huge Davies - The Carpark,0.0,0,Comedy
www.themoviedb.org/t/p/w600_and_h900_bestv2/lGCRWK96mmM7yaNvoDJuycwVHRH.jpg,"18, 10749",1142615,en,Gabriel's Redemption: Part One,empty,5.379,www.themoviedb.org/t/p/w600_and_h900_bestv2/hA8W4LSJE7bG3LargMVcy6pCZrh.jpg,2023-06-22,Gabriel's Redemption: Part One,0.0,0,"Drama, Romance"
www.themoviedb.org/t/p/w600_and_h900_bestv2/1ESHwTZnmxemZqxe6QgymRpR8ic.jpg,"27, 18",1142643,hi,1920: Horrors of the Heart,empty,3.842,www.themoviedb.org/t/p/w600_and_h900_bestv2/ysY2dMaSeEzx84J7VIsyXuX785x.jpg,2023-06-23,1920: Horrors of the Heart,0.0,0,"Horror, Drama"
www.themoviedb.org/t/p/w600_and_h900_bestv2/wWVkDcpoJOWrzeevQz0hKIyTV6i.jpg,99,1142661,fr,"Bière, la pression monte",empty,4.725,www.themoviedb.org/t/p/w600_and_h900_bestv2/9hKKx1ZRaMtMn48nXUCpNiWzABK.jpg,2023-06-20,"Bière, la pression monte",8.0,1,Documentary
empty,"10749, 35",1142707,tl,1 Corinthians 13:13,empty,5.379,www.themoviedb.org/t/p/w600_and_h900_bestv2/kO2ApDXN3n73IwMqxEAZ0gNgwRg.jpg,2023-06-22,1 Corinthians 13:13,0.0,0,"Romance, Comedy"
empty,35,1142726,fr,Un couple magique,empty,5.379,www.themoviedb.org/t/p/w600_and_h900_bestv2/p8CI8PyCoBG6WrgBuM8d2Qw7zYP.jpg,2023-06-20,Un couple magique,0.0,0,Comedy
empty,18,1142809,es,FELICIDAD,empty,3.842,www.themoviedb.org/t/p/w600_and_h900_bestv2/iZaVED9zmW12YCjbymv0EWc6f0W.jpg,2023-06-21,FELICIDAD,0.0,0,Drama
empty,14,1142813,pt,Sombras da Primavera,empty,3.842,www.themoviedb.org/t/p/w600_and_h900_bestv2/eqWMowfWH2pOeEK2lRPjIQBWB7z.jpg,2023-06-25,Sombras da Primavera,0.0,0,Fantasy
empty,9648,1142816,pt,"Max,A raposa",empty,3.842,empty,2023-06-20,"Max,A raposa",0.0,0,Mystery
empty,"99, 35",1142821,pt,Fernando Collor: Sua Poupança Simplesmente Não Existe,empty,3.842,www.themoviedb.org/t/p/w600_and_h900_bestv2/3hrB6kKJpNdvUL2bJ7PaDspoPAm.jpg,2023-06-25,Fernando Collor: Sua Poupança Simplesmente Não Existe,0.0,0,"Documentary, Comedy"
www.themoviedb.org/t/p/w600_and_h900_bestv2/i2LJHmjqGJCyKgzWCB59mqjsfnA.jpg,empty,1142852,en,Much Kazoo About Nothing,empty,1.96,www.themoviedb.org/t/p/w600_and_h900_bestv2/vjUr6XpcVzuyGz4aUqSPAhINlbZ.jpg,2023-06-21,Much Kazoo About Nothing,0.0,0,empty
www.themoviedb.org/t/p/w600_and_h900_bestv2/u5OW4et5YDq0wAtvbKiQIxCb2Xq.jpg,"35, 27",1142858,en,Skittles: The Halloween Special,empty,3.842,www.themoviedb.org/t/p/w600_and_h900_bestv2/sHKAzrXLr1nz9UrsUNscqnBAtnl.jpg,2023-06-21,Skittles: The Halloween Special,0.0,0,"Comedy, Horror"
empty,99,1142868,en,Peaks of Colour,empty,3.842,empty,2023-06-20,Peaks of Colour,0.0,0,Documentary
www.themoviedb.org/t/p/w600_and_h900_bestv2/jehnc80BV4dQgr05XmXuu8S0wMS.jpg,"28, 9648, 14, 80",1142872,zh,河神·诡水怪谈,empty,3.842,www.themoviedb.org/t/p/w600_and_h900_bestv2/gygSOTMgQqpOa8yhEqDwsVfAuS2.jpg,2023-06-21,河神·诡水怪谈,0.0,0,"Action, Mystery, Fantasy, Crime"
www.themoviedb.org/t/p/w600_and_h900_bestv2/cR8vFe1LL9KPCOFS7IFCQhYQXP4.jpg,"35, 18",1142877,en,Mother of Son of Kong,empty,3.842,www.themoviedb.org/t/p/w600_and_h900_bestv2/efuIph5kPjE9aAZ8Ry67DPM2Tgk.jpg,2023-06-22,Mother of Son of Kong,0.0,0,"Comedy, Drama"
empty,empty,1142899,en,The Car Fucking Movie,empty,3.842,empty,2023-06-20,The Car Fucking Movie,0.0,0,empty
www.themoviedb.org/t/p/w600_and_h900_bestv2/3V0ERa7j2HkdJS85v3yBhPGxsgD.jpg,"80, 53",1142900,en,Incarcerated,empty,3.842,www.themoviedb.org/t/p/w600_and_h900_bestv2/A8aYkUmFPaVWXWOdJdPAuUPxNUh.jpg,2023-06-22,Incarcerated,0.0,0,"Crime, Thriller"
www.themoviedb.org/t/p/w600_and_h900_bestv2/2wq5EeoSobo3hc9QwFD1iULV6hB.jpg,18,1142905,en,Gridiron Grind,empty,2.744,www.themoviedb.org/t/p/w600_and_h900_bestv2/mZR9JYzou5HcqMC4hjoB9jvL3rK.jpg,2023-06-23,Gridiron Grind,10.0,1,Drama
empty,99,1142917,xx,Десять помоек,empty,3.842,www.themoviedb.org/t/p/w600_and_h900_bestv2/yJehiaQZAjkv34tgwA329RvVvdX.jpg,2023-06-21,Десять помоек,0.0,0,Documentary
empty,878,1142923,pt,Mangas,empty,3.842,www.themoviedb.org/t/p/w600_and_h900_bestv2/lPboPjVmBRHYCmFBAoOmIEPaf1i.jpg,2023-06-21,Mangas,0.0,0,Science Fiction
empty,99,1143048,en,The Titanic Sub: Lost at Sea,empty,3.842,empty,2023-06-22,The Titanic Sub: Lost at Sea,8.5,1,Documentary
empty,empty,1143053,en,I Never Promised You A Jasmine Garden,empty,3.842,www.themoviedb.org/t/p/w600_and_h900_bestv2/kdJkmhGf4ewUP6kLIWvxHafYQR.jpg,2023-06-21,I Never Promised You A Jasmine Garden,0.0,0,empty
empty,empty,1143054,en,Albums de famille,empty,3.842,empty,2023-06-21,Albums de famille,0.0,0,empty
empty,empty,1143055,en,La Déconstruction de Baveuse City,empty,3.842,empty,2023-06-21,La Déconstruction de Baveuse City,0.0,0,empty
empty,99,1143085,fr,Fleurs et grenades,empty,3.842,empty,2023-06-21,Fleurs et grenades,0.0,0,Documentary
www.themoviedb.org/t/p/w600_and_h900_bestv2/oX0VxC6oCtIWH2BSLMX9ACMcgHT.jpg,99,1143096,de,Heute nicht – Ein besonderer Blick auf das Leben,empty,2.744,www.themoviedb.org/t/p/w600_and_h900_bestv2/9eF0rPNJpczw8pu9Muw1NHzhbVu.jpg,2023-06-23,Heute nicht – Ein besonderer Blick auf das Leben,0.0,0,Documentary
empty,"99, 10770",1143116,fr,Le Système Tom Cruise,empty,3.842,www.themoviedb.org/t/p/w600_and_h900_bestv2/6hZ15IMvK68RcL4f1rKc2W7iqAk.jpg,2023-06-20,Le Système Tom Cruise,0.0,0,"Documentary, TV Movie"
empty,"18, 35, 10402",1143173,en,B Chord II: A Ballad of Me & My Friends,empty,2.744,www.themoviedb.org/t/p/w600_and_h900_bestv2/kSoxMY8PAKIkD3U5lduYJmncBa1.jpg,2023-06-23,B Chord II: A Ballad of Me & My Friends,0.0,0,"Drama, Comedy, Music"
empty,99,1143185,pt,Severo,empty,2.744,www.themoviedb.org/t/p/w600_and_h900_bestv2/6TS3t3BTedzRZV7FCf1fOnA6cnT.jpg,2023-06-21,Severo,10.0,1,Documentary
empty,"18, 10749",1143235,ta,Marakkave Ninaikiren,empty,1.96,www.themoviedb.org/t/p/w600_and_h900_bestv2/zq9K2vldEXSGtMOblVyLWFuauQ5.jpg,2023-06-23,Marakkave Ninaikiren,0.0,0,"Drama, Romance"
www.themoviedb.org/t/p/w600_and_h900_bestv2/1SwlwtLGZcZ0ibR6OInEvRXeSNs.jpg,"99, 10402, 10770",1143255,fr,L'Énigme Mylène Farmer,empty,2.744,www.themoviedb.org/t/p/w600_and_h900_bestv2/xrELjMV4QgQiytDrPf8DDY3TsWC.jpg,2023-06-21,L'Énigme Mylène Farmer,9.0,1,"Documentary, Music, TV Movie"
www.themoviedb.org/t/p/w600_and_h900_bestv2/abSVptR8SeXNj02Oke4gU5FPkqk.jpg,"18, 35",1143279,ta,தண்டட்டி,empty,1.96,www.themoviedb.org/t/p/w600_and_h900_bestv2/avhTPLXG3Gedvu5nc7nFt2eXTNy.jpg,2023-06-23,தண்டட்டி,0.0,0,"Drama, Comedy"
empty,18,1143284,ar,Nobody knows,empty,1.4,www.themoviedb.org/t/p/w600_and_h900_bestv2/yCC2d8VIqnfwiALEAxUoCI0CVKJ.jpg,2023-06-25,Nobody knows,0.0,0,Drama
empty,empty,1143289,en,I'm Just Trying To Have Fun,empty,2.744,empty,2023-06-21,I'm Just Trying To Have Fun,0.0,0,empty
empty,35,1143305,en,Heightened,empty,1.96,www.themoviedb.org/t/p/w600_and_h900_bestv2/zje5AGSlzpZ1dXHNBWN0YHPvhbh.jpg,2023-06-23,Heightened,0.0,0,Comedy
empty,99,1143333,es,"Ricardo Vilca: Quebrada, música y silencio",empty,2.744,www.themoviedb.org/t/p/w600_and_h900_bestv2/qZvuKMWxZA1sjJiMhJtIEAxqkuZ.jpg,2023-06-22,"Ricardo Vilca: Quebrada, música y silencio",0.0,0,Documentary
empty,"99, 10770",1143341,en,Never Made It Home,empty,1.96,empty,2023-06-23,Never Made It Home,0.0,0,"Documentary, TV Movie"
empty,99,1143343,es,"¡Oh, por Lenin!",empty,2.744,www.themoviedb.org/t/p/w600_and_h900_bestv2/f9lW04kZXuxZunrgNLsaxWVFO4l.jpg,2023-06-22,"¡Oh, por Lenin!",0.0,0,Documentary
empty,35,1143411,en,The Drama Class,empty,2.744,empty,2023-06-22,The Drama Class,10.0,1,Comedy
www.themoviedb.org/t/p/w600_and_h900_bestv2/jEfkR3aj7ZtJxkGOclTtPoK7guw.jpg,"27, 18",1143431,hi,Aseq,empty,2.744,www.themoviedb.org/t/p/w600_and_h900_bestv2/dNJrK1uvoBPoYEVTAqI8ZSyrpdI.jpg,2023-06-22,Aseq,7.0,1,"Horror, Drama"
empty,"35, 14",1143510,en,Sticks and Stones,empty,1.96,empty,2023-06-21,Sticks and Stones,0.0,0,"Comedy, Fantasy"
www.themoviedb.org/t/p/w600_and_h900_bestv2/lwKDcwF4pLitOcIwdAXYzzzUasb.jpg,"18, 10749",1143515,en,Klip Anker Baai,empty,1.4,empty,2023-06-23,Klip Anker Baai,0.0,0,"Drama, Romance"
empty,empty,1143538,zh,禁断的偷情,empty,1.4,empty,2023-06-23,禁断的偷情,0.0,0,empty
empty,"53, 9648, 18",1143550,en,The Stables,empty,1.4,www.themoviedb.org/t/p/w600_and_h900_bestv2/fWSOOSRuSZyvVIICeGiJGFg3EOK.jpg,2023-06-23,The Stables,0.0,0,"Thriller, Mystery, Drama"
www.themoviedb.org/t/p/w600_and_h900_bestv2/fuwLbTZ69Uq940YoWLdXKxkZBge.jpg,"18, 878",1143561,en,My Dinner With Dean,empty,1.96,www.themoviedb.org/t/p/w600_and_h900_bestv2/2I7iNtmBXqIs0TgB2V5PvZE58fd.jpg,2023-06-21,My Dinner With Dean,0.0,0,"Drama, Science Fiction"
www.themoviedb.org/t/p/w600_and_h900_bestv2/6V8MPLqCucswzfxhvXgHawLAfjv.jpg,18,1143584,en,Here Comes the Sun,empty,1.4,www.themoviedb.org/t/p/w600_and_h900_bestv2/kbte5Py1gkjP5xJn40syEkeBeUu.jpg,2023-06-23,Here Comes the Sun,0.0,0,Drama
www.themoviedb.org/t/p/w600_and_h900_bestv2/ndR9ptvdaMiyC72Y34t5DYBaeJ5.jpg,99,1143585,en,Windrush: Portraits of a Generation,empty,1.96,www.themoviedb.org/t/p/w600_and_h900_bestv2/qe9cSXuPqMToPVEwzHyXGwr5Hpw.jpg,2023-06-22,Windrush: Portraits of a Generation,0.0,0,Documentary
www.themoviedb.org/t/p/w600_and_h900_bestv2/cRmLsW8OIB3hgU5ir8QW6VX9sbb.jpg,"16, 35",1143604,es,Hula Hula,empty,1.4,www.themoviedb.org/t/p/w600_and_h900_bestv2/5r6Mp0E6mDPh80G3sLBExSviVe4.jpg,2023-06-23,Hula Hula,0.0,0,"Animation, Comedy"
empty,16,1143617,en,Dial Tone,empty,1.96,www.themoviedb.org/t/p/w600_and_h900_bestv2/2gjlzk0tFgnYw3Ql6vdVeWetx64.jpg,2023-06-20,Dial Tone,0.0,0,Animation
empty,18,1143622,en,Moth,empty,1.96,empty,2023-06-22,Moth,0.0,0,Drama
www.themoviedb.org/t/p/w600_and_h900_bestv2/qjX08YovAWcYEdHvR6Pq7sMgiB.jpg,"10402, 80, 53",1143683,es,Venus,empty,1.4,www.themoviedb.org/t/p/w600_and_h900_bestv2/7lDgBikCFknK31ug3esWCWCNive.jpg,2023-06-23,Venus,10.0,1,"Music, Crime, Thriller"
www.themoviedb.org/t/p/w600_and_h900_bestv2/waH5HCGuzTyMo7ulzjiOzDukJmS.jpg,10402,1143726,en,Foo Fighters: Glastonbury 2023,empty,1.4,www.themoviedb.org/t/p/w600_and_h900_bestv2/xESdyllvSoisnWGeNJfPi2dmbvL.jpg,2023-06-23,Foo Fighters: Glastonbury 2023,0.0,0,Music
empty,"10749, 18",1143731,en,"Dear, Daphne",empty,1.96,www.themoviedb.org/t/p/w600_and_h900_bestv2/mUUyRLCSpVqYIZWHwnXATeu9GAD.jpg,2023-06-21,"Dear, Daphne",0.0,0,"Romance, Drama"
www.themoviedb.org/t/p/w600_and_h900_bestv2/5OzMnZkudzVaeyqTlHd5mguJjZb.jpg,"27, 16",1143761,en,Don't Let Them Die,empty,1.96,www.themoviedb.org/t/p/w600_and_h900_bestv2/6NJfxQdzS9O1EjbOFezwfZPtNF1.jpg,2023-06-22,Don't Let Them Die,0.0,0,"Horror, Animation"
empty,18,1143765,fr,XIII,empty,1.4,www.themoviedb.org/t/p/w600_and_h900_bestv2/9e7oUJgXJ0AjEYjhlciBZ8RKJRJ.jpg,2023-06-23,XIII,10.0,1,Drama
empty,99,1143770,en,Oppenheimer After Trinity,empty,1.96,www.themoviedb.org/t/p/w600_and_h900_bestv2/6Mq4O6RyKXWnXOhor71qzV92n7n.jpg,2023-06-22,Oppenheimer After Trinity,0.0,0,Documentary
empty,878,1143782,en,Mangas,empty,1.4,empty,2023-06-21,Mangas,0.0,0,Science Fiction
www.themoviedb.org/t/p/w600_and_h900_bestv2/rjOhtBgey3g43CFceJTEGU6h5nh.jpg,10402,1143783,en,The Lightning Seeds: Glastonbury 2023,empty,1.4,empty,2023-06-23,The Lightning Seeds: Glastonbury 2023,0.0,0,Music
www.themoviedb.org/t/p/w600_and_h900_bestv2/yhW5laRR0IzYbqwhViKjmjnn5dW.jpg,10402,1143785,en,Maisie Peters: Glastonbury 2023,empty,1.4,empty,2023-06-23,Maisie Peters: Glastonbury 2023,0.0,0,Music
empty,"18, 10749",1143786,es,Inseparables,empty,1.96,www.themoviedb.org/t/p/w600_and_h900_bestv2/zQ4YPD8e4ty3uPAjh989Lyt7rJc.jpg,2023-06-21,Inseparables,7.0,1,"Drama, Romance"
empty,empty,1143814,ko,SHINee WORLD VI [PERFECT ILLUMINATION],empty,1.96,www.themoviedb.org/t/p/w600_and_h900_bestv2/amC1ybg3qYNXKrL2G0AXHoSNH1W.jpg,2023-06-25,SHINee WORLD VI [PERFECT ILLUMINATION],0.0,0,empty
empty,"18, 35",1143819,en,Questions of the Universe and the Answers We Attempt to Tell You,empty,1.4,www.themoviedb.org/t/p/w600_and_h900_bestv2/6XlS62BcH7IW2Wk6tT4xyctdkv4.jpg,2023-06-23,Questions of the Universe and the Answers We Attempt to Tell You,0.0,0,"Drama, Comedy"
www.themoviedb.org/t/p/w600_and_h900_bestv2/tv6QWaRasXX7t9roPc3OGq3jybT.jpg,27,1143839,tr,Haile: Bir Aile Kabusu,empty,1.4,www.themoviedb.org/t/p/w600_and_h900_bestv2/54FssOXWrVyfac7ojTldnldn1hL.jpg,2023-06-22,Haile: Bir Aile Kabusu,0.0,0,Horror
empty,empty,1143852,en,TMZ Investigates: The Miracle Children of the Amazon,empty,1.96,www.themoviedb.org/t/p/w600_and_h900_bestv2/3kmF79PalvpqOyG5XXwA7uFZ1QT.jpg,2023-06-22,TMZ Investigates: The Miracle Children of the Amazon,0.0,0,empty
www.themoviedb.org/t/p/w600_and_h900_bestv2/f1OshUpIuCu2xIKDIYsV7Wk7Blj.jpg,empty,1143893,en,PFL 6: 2023 Regular Season,empty,0.0,www.themoviedb.org/t/p/w600_and_h900_bestv2/jegui9zuoCU3hSI5LnGokF1jPKa.jpg,2023-06-23,PFL 6: 2023 Regular Season,0.0,0,empty
www.themoviedb.org/t/p/w600_and_h900_bestv2/5mdwONfFRwMEOwOit72YX3HWdJn.jpg,"18, 53",1143898,en,Voyeur,empty,0.0,www.themoviedb.org/t/p/w600_and_h900_bestv2/2osi76uLxlCVRs2JrscNdpKQmg0.jpg,2023-06-24,Voyeur,0.0,0,"Drama, Thriller"
empty,empty,1143899,en,Traps on Ironbound,empty,0.0,empty,2023-06-23,Traps on Ironbound,0.0,0,empty
empty,empty,1143902,en,The Mother with a Thousand Faces,empty,0.0,empty,2023-06-23,The Mother with a Thousand Faces,0.0,0,empty
empty,35,1143903,en,Gone Clubbin’,empty,0.0,www.themoviedb.org/t/p/w600_and_h900_bestv2/5rrCwFwYFU1XJ90KDhdcOKpXyCy.jpg,2023-06-23,Gone Clubbin’,0.0,0,Comedy
empty,empty,1143904,en,Dendrology Dreams for Big Agnes,empty,0.0,empty,2023-06-23,Dendrology Dreams for Big Agnes,0.0,0,empty
empty,empty,1143908,en,The Oxbow,empty,0.0,empty,2023-06-23,The Oxbow,0.0,0,empty
empty,empty,1143917,en,Evelyn,empty,0.0,empty,2023-06-23,Evelyn,0.0,0,empty
empty,10402,1143934,zh,林俊杰「重拾_快乐」首唱会,empty,0.0,www.themoviedb.org/t/p/w600_and_h900_bestv2/41SbT1tzTNsc2WjYnXEo716bhcO.jpg,2023-06-23,林俊杰「重拾_快乐」首唱会,0.0,0,Music
www.themoviedb.org/t/p/w600_and_h900_bestv2/yUa7xiiEAIoz5CyHmSguQkWEHVQ.jpg,10402,1143941,en,Arctic Monkeys: Glastonbury 2023,empty,0.0,www.themoviedb.org/t/p/w600_and_h900_bestv2/fR2I9IkLq4gcJkMErSEogo10bm3.jpg,2023-06-23,Arctic Monkeys: Glastonbury 2023,0.0,0,Music
empty,"99, 36",1143942,ca,"València, t'estime",empty,1.4,www.themoviedb.org/t/p/w600_and_h900_bestv2/2TLgVLLpFStZpK71SmTiBUYqdOy.jpg,2023-06-25,"València, t'estime",0.0,0,"Documentary, History"
www.themoviedb.org/t/p/w600_and_h900_bestv2/aIRtSInz2g1Rl1dmmuPxvKUNeK6.jpg,10402,1143944,en,Texas: Glastonbury 2023,empty,0.0,empty,2023-06-23,Texas: Glastonbury 2023,0.0,0,Music
www.themoviedb.org/t/p/w600_and_h900_bestv2/nAFKLDREnfLEhPtf6HWpHMFpzsD.jpg,10402,1143946,en,Young Fathers: Glastonbury 2023,empty,0.0,www.themoviedb.org/t/p/w600_and_h900_bestv2/8m3YkgQMYkVvgJyqO1VIhJYXnRI.jpg,2023-06-23,Young Fathers: Glastonbury 2023,0.0,0,Music
empty,35,1143954,ru,Денис Чужой: Всегда будет больно,empty,1.4,www.themoviedb.org/t/p/w600_and_h900_bestv2/mANroR9atcIsa0HOpkloKUcFGS3.jpg,2023-06-20,Денис Чужой: Всегда будет больно,0.0,0,Comedy
www.themoviedb.org/t/p/w600_and_h900_bestv2/riuyOzmwzHhUkHpiEEwkYePNnHM.jpg,28,1143960,en,BKFC 45: Palomino vs. Lilley,empty,0.0,www.themoviedb.org/t/p/w600_and_h900_bestv2/ngM6C3sfQPa6IDZbSw4owl5kklC.jpg,2023-06-23,BKFC 45: Palomino vs. Lilley,0.0,0,Action
empty,35,1143977,fr,Pfff… Une conférence de Pierre-Emmanuel Barré & Guests,empty,1.4,www.themoviedb.org/t/p/w600_and_h900_bestv2/eJXmnubNFRicpOzZOfGd7Je3wRK.jpg,2023-06-22,Pfff… Une conférence de Pierre-Emmanuel Barré & Guests,0.0,0,Comedy
www.themoviedb.org/t/p/w600_and_h900_bestv2/ubTApn60Ddu3ikfzxCn8O2uPw2E.jpg,10402,1143986,en,Billy Nomates: Glastonbury 2023,empty,0.0,www.themoviedb.org/t/p/w600_and_h900_bestv2/dzygpVHEUpLjNRXG7vnJ9Fy8LC2.jpg,2023-06-23,Billy Nomates: Glastonbury 2023,0.0,0,Music
empty,99,1143987,en,Tornades,empty,1.4,www.themoviedb.org/t/p/w600_and_h900_bestv2/odrMjeGRq3GtoTJP6DVMgndKiAv.jpg,2023-06-21,Tornades,0.0,0,Documentary
empty,empty,1143994,en,Commit Your Way To Jehovah,empty,0.0,www.themoviedb.org/t/p/w600_and_h900_bestv2/aYmIxCAdUddNPKutjWICm9lrwC4.jpg,2023-06-24,Commit Your Way To Jehovah,0.0,0,empty
empty,99,1144003,fr,Rue Philippe Ferrières,empty,0.0,www.themoviedb.org/t/p/w600_and_h900_bestv2/vcl0W01ecfjNYcJ1oPFOCqfvkja.jpg,2023-06-24,Rue Philippe Ferrières,0.0,0,Documentary
empty,99,1144016,de,Der Waldrapp: Zugvogel im Aufwind,empty,1.4,www.themoviedb.org/t/p/w600_and_h900_bestv2/5hkEpHnJNLdojFc6srT6ENjoqF4.jpg,2023-06-22,Der Waldrapp: Zugvogel im Aufwind,0.0,0,Documentary
empty,99,1144021,fr,"Humains confinés, animaux libérés",empty,0.0,www.themoviedb.org/t/p/w600_and_h900_bestv2/rRKNYCNw5jt32UD6PD5850n0K9w.jpg,2023-06-24,"Humains confinés, animaux libérés",0.0,0,Documentary
empty,10402,1144025,en,Elton John: Glastonbury 2023,empty,1.4,www.themoviedb.org/t/p/w600_and_h900_bestv2/pU5oPELR9HEs8KysyYE9WJ9nqpy.jpg,2023-06-25,Elton John: Glastonbury 2023,0.0,0,Music
empty,99,1144031,en,Cambalhota,empty,0.0,www.themoviedb.org/t/p/w600_and_h900_bestv2/mLBvpwZGOFgcwwh5PDp0sWL0DxE.jpg,2023-06-23,Cambalhota,0.0,0,Documentary
www.themoviedb.org/t/p/w600_and_h900_bestv2/qozizy2JfTiji0feF9RpQHDFSXu.jpg,10402,1144037,en,Kelis: Glastonbury 2023,empty,0.0,empty,2023-06-23,Kelis: Glastonbury 2023,0.0,0,Music
www.themoviedb.org/t/p/w600_and_h900_bestv2/zCZTls4WvqbhbgVm21PO1e9NsR1.jpg,10402,1144039,en,Hot Chip: Glastonbury 2023,empty,0.0,empty,2023-06-23,Hot Chip: Glastonbury 2023,0.0,0,Music
www.themoviedb.org/t/p/w600_and_h900_bestv2/T22xm2WmnChVJNx2YRZ1nDRwv3.jpg,18,1144059,pt,Penumbra,empty,0.0,www.themoviedb.org/t/p/w600_and_h900_bestv2/5S0hXV6HqJUnIVHyz7eUGHxaaTT.jpg,2023-06-23,Penumbra,0.0,0,Drama
www.themoviedb.org/t/p/w600_and_h900_bestv2/bTMvDAjZOvrQ6BFmEe010apVFdH.jpg,"35, 10751, 12",1144061,en,Charlie Chaplin & the Hobo,empty,0.0,www.themoviedb.org/t/p/w600_and_h900_bestv2/lZPJjQU8HgLAxXqhAdBzR18ywHs.jpg,2023-06-24,Charlie Chaplin & the Hobo,0.0,0,"Comedy, Family, Adventure"
www.themoviedb.org/t/p/w600_and_h900_bestv2/26Tl10BMf9WaJZJispJ3vEDxQqL.jpg,10402,1144076,en,Rick Astley: Glastonbury 2023,empty,0.0,empty,2023-06-24,Rick Astley: Glastonbury 2023,0.0,0,Music
www.themoviedb.org/t/p/w600_and_h900_bestv2/6NMT2YIeeS3f5Qs5RGICXMgakUK.jpg,10402,1144081,en,Sparks: Glastonbury 2023,empty,0.0,empty,2023-06-23,Sparks: Glastonbury 2023,0.0,0,Music
empty,18,1144085,en,Eyelash,empty,0.0,www.themoviedb.org/t/p/w600_and_h900_bestv2/fhw0AfTCZso79YMwzsBkr1w6kVQ.jpg,2023-06-24,Eyelash,0.0,0,Drama
empty,empty,1144145,en,Dirty: A Dirt Track Story,empty,0.0,empty,2023-06-24,Dirty: A Dirt Track Story,0.0,0,empty
www.themoviedb.org/t/p/w600_and_h900_bestv2/jJG5QzU9A48MIFWoc67vUF7Uq2n.jpg,empty,1144146,en,Gloria Trevi | En Concierto,empty,0.0,www.themoviedb.org/t/p/w600_and_h900_bestv2/gJTuvjfuh2zn87eBIDahg4nTOvf.jpg,2023-06-24,Gloria Trevi | En Concierto,0.0,0,empty
